id,domain,status,purchase_price,renewal_price,attractiveness,demand,length,registrar,created_at,expires_at,status_verified_at
8facc918-b7de-48c5-8b17-8bb30ad6a618,beefy.tax,available,8.98,85.98,medium,low,5,namecheap,,,09/08/2026 07:49
1df477f0-820c-493c-a8db-b3730f70336b,viatical.tax,available,8.98,85.98,medium,low,8,namecheap,,,13/09/2026 05:03
cfbe6b8b-271a-4cea-b6c4-0ae4c60fba54,dyadic.tax,available,8.98,85.98,medium,low,6,namecheap,,,14/08/2026 21:52
3c9ae544-684b-47d1-992a-bde481e6e5b3,observable.tax,available,8.98,85.98,high,low,10,namecheap,,,03/09/2026 23:59
e8b6b51c-7645-4302-a7a6-330a902ed9a5,clench.tax,available,14.99,67.49,medium,low,6,namesilo,,,24/09/2026 15:33
17fd701c-98e3-42ff-b636-0014db84d901,secondly.tax,available,8.98,85.98,medium,low,8,namecheap,,,27/09/2026 19:26
f3bcf569-8444-4a2b-a622-aaa77e71d441,leering.tax,available,14.99,67.49,medium,low,7,namesilo,,,25/09/2026 05:58
50793f35-3352-4e33-ab41-c72957e25891,belfry.tax,available,8.98,85.98,medium,low,6,namecheap,,,23/09/2026 04:56
c0811b27-6d5c-4ec7-801b-0acc6aa7c6b7,prisoner.tax,available,8.98,85.98,high,low,8,namecheap,,,11/08/2026 18:26
1d9f6f62-0c31-4205-921e-7d9b30d9c4df,campground.tax,available,8.98,85.98,high,low,10,namecheap,,,24/09/2026 11:56
48613813-21d3-4470-9333-f86848b27678,enatic.tax,available,8.98,85.98,medium,low,6,namecheap,,,16/08/2026 21:20
64eb65d3-00e6-4117-a338-f7857b699813,holla.tax,available,14.99,67.49,high,low,5,namesilo,,,23/09/2026 06:19
062afcb3-1784-494a-a572-f2b1d3866b60,concrete.tax,available,8.98,85.98,high,low,8,namecheap,,,23/09/2026 19:16
8dca4457-e5b5-4e7d-b583-cf009c7b5067,sachs.tax,available,14.99,67.49,medium,low,5,namesilo,,,27/09/2026 01:53
bdea6a79-e6c6-4fe4-92f6-ec02a92b504e,articled.tax,available,8.98,85.98,medium,low,8,namecheap,,,06/08/2026 08:28
5688c68a-3315-4d5b-a79a-2d136c90ee24,perks.tax,available,14.99,67.49,medium,low,5,namesilo,,,20/09/2026 14:58
b70e6a7a-16dc-4b4e-abe3-e897a6d02c76,arson.tax,available,14.99,67.49,high,low,5,namesilo,,,20/09/2026 09:43
82d59c78-c5a5-481f-8d05-6b641b1531d2,podlike.tax,available,8.98,85.98,medium,low,7,namecheap,,,08/09/2026 22:31
72b78068-be70-415e-9d81-1fcc3f23271f,tipped.tax,available,8.98,85.98,high,low,6,namecheap,,,07/08/2026 13:33
91a5c67b-087f-4d86-a179-b73dfae8957e,vapourish.tax,available,8.98,85.98,medium,low,9,namecheap,,,13/09/2026 01:13
b9c49451-74ae-4808-af24-792eeccccc10,depressed.tax,available,8.98,85.98,medium,low,9,namecheap,,,14/08/2026 02:43
27db5d1d-8e74-4539-9256-0ec186d16cca,gems.tax,available,14.99,67.49,high,low,4,namesilo,,,19/09/2026 19:45
3e93599c-747f-4475-9e3a-7c6218a61846,hurried.tax,available,8.98,85.98,medium,low,7,namecheap,,,21/08/2026 15:45
e0950322-279d-4cb0-b95f-3e70c0f646b8,accused.tax,available,14.99,,high,low,7,name.com,,,
d7045386-9577-42ab-8c8f-50b78f129276,command.tax,available,14.99,67.49,high,low,7,namesilo,,,23/09/2026 13:28
0224831a-24e8-4126-a299-e5a7276d84e5,lunger.tax,available,8.98,85.98,medium,low,6,namecheap,,,12/08/2026 23:06
e268e252-aae1-4472-99e6-fc50e18b7355,anglophobe.tax,available,14.99,67.49,medium,low,10,namesilo,,,19/09/2026 06:55
a826ae0f-7cd5-4028-9189-bc5223e45541,versus.tax,available,52.2,52.2,high,low,6,cloudflare,,,27/09/2026 17:11
9d34cf19-9bf5-4f8f-abe8-1f5056112f53,imaginary.tax,available,8.98,85.98,high,low,9,namecheap,,,21/08/2026 20:16
febf5864-4947-489a-85ff-83060bfbe699,olsen.tax,available,14.99,67.49,high,low,5,namesilo,,,25/09/2026 12:35
211a4a8e-47ad-47f1-a113-7fb861030335,archangel.tax,available,14.99,67.49,high,low,9,namesilo,,,19/09/2026 05:59
0d0ae4a2-a966-4d71-8b9f-8c3af7b7b5af,supplicant.tax,available,8.98,85.98,medium,low,10,namecheap,,,11/09/2026 03:28
11181b4f-e2f9-43b7-8a87-2d38e5f08122,optionally.tax,available,14.99,,medium,low,10,name.com,,,
c370d4a0-31a3-4466-ba05-c55355a48087,arizona.tax,resell,,,high,low,7,Dynadot Inc,24/11/2017 11:06,24/11/2026 11:06,26/09/2026 04:00
41ba6c3a-626f-48b3-a6a6-9245213fa0ae,marry.tax,available,8.98,85.98,high,low,5,namecheap,,,13/09/2026 09:36
ce65d65e-13c8-4146-9908-9145096e879a,valueable.tax,available,14.99,,medium,low,9,name.com,,,
90cc71df-0e26-4b89-b0cd-519712efef82,meager.tax,available,8.98,85.98,medium,low,6,namecheap,,,24/08/2026 18:02
addee423-ffff-4c6a-97a0-6a21f1d990b9,chopper.tax,available,8.98,85.98,high,low,7,namecheap,,,08/09/2026 11:24
cbf9702f-ad30-4b68-82a0-c57bde60c949,speckless.tax,available,8.98,85.98,medium,low,9,namecheap,,,21/08/2026 20:42
e0dee6ae-47d0-4f1b-9033-46f186cbf6c0,grave.tax,available,8.98,85.98,high,low,5,namecheap,,,20/08/2026 18:38
55bae3f2-af87-49fe-84a7-6a75244245dc,received.tax,available,14.99,67.49,high,low,8,namesilo,,,27/09/2026 10:43
2acb4a1c-1e78-4d6d-a5bf-a8ca547d1a1e,greater.tax,available,8.98,85.98,high,low,7,namecheap,,,20/08/2026 19:38
95a2bb53-79e8-4c4e-88c3-f95c53515667,recognized.tax,available,14.99,67.49,high,low,10,namesilo,,,21/09/2026 15:28
e8958954-b754-4ca4-8ce7-d1a5503948da,adalia.tax,available,14.99,67.49,medium,low,6,namesilo,,,17/09/2026 06:12
569e5ce6-9825-4f06-8143-177711dd52b5,omani.tax,available,8.98,85.98,high,low,5,namecheap,,,04/09/2026 02:24
5949a843-d1d9-4b30-90c3-b94059a69d33,pyrrhic.tax,available,8.98,85.98,medium,low,7,namecheap,,,09/09/2026 07:12
9fac9001-a331-4357-92bf-bf31e407a96e,annaba.tax,available,14.99,67.49,medium,low,6,namesilo,,,19/09/2026 10:03
09f5d715-8eb9-4fa9-8a04-b479dca99973,cytolytic.tax,available,14.99,92.99,medium,low,9,name.com,,,13/08/2026 14:42
1371c144-1198-41c1-a6ca-d5d86c5cdfc4,sparkles.tax,available,8.98,85.98,medium,low,8,namecheap,,,20/09/2026 19:19
697929a6-4d86-4e92-bee8-99e8b3fb6ed6,eats.tax,available,14.99,67.49,high,low,4,namesilo,,,24/09/2026 14:57
8a88f90f-5dff-4cbc-8a87-28f9df8fb2c5,worldly.tax,available,8.98,85.98,high,low,7,namecheap,,,10/08/2026 13:20
96e43878-aa29-45ff-99e0-bc7d51b30cef,deist.tax,available,8.98,85.98,medium,low,5,namecheap,,,14/08/2026 00:15
3cad8ad6-c70d-428f-8b91-76794de20937,shapely.tax,available,8.98,85.98,high,low,7,namecheap,,,10/09/2026 05:57
0974a469-f20f-4c88-8589-6c0b466261d3,abutilon.tax,available,8.98,85.98,medium,low,8,namecheap,,,16/09/2026 19:21
b492c446-5810-487a-817a-337671e13bb8,knapsack.tax,available,14.99,67.49,high,low,8,namesilo,,,21/09/2026 14:39
bd907f66-1e4a-4848-8b55-e7ffafda3a19,gravelly.tax,available,8.98,85.98,medium,low,8,namecheap,,,20/08/2026 18:27
0e2e0661-fdd5-4ca4-a034-03c3c901c914,lowborn.tax,available,8.98,85.98,medium,low,7,namecheap,,,24/08/2026 10:44
27300ebf-e588-4a30-99cf-d3b80cb44e2e,swingeing.tax,available,8.98,85.98,medium,low,9,namecheap,,,11/09/2026 05:48
5035ad72-7906-4234-a80c-36e0fc0516a3,arequipa.tax,available,14.99,67.49,medium,low,8,namesilo,,,20/09/2026 03:53
147c2a84-e044-4f0c-9207-a8d28402b71f,antwerpen.tax,available,14.99,67.49,medium,low,9,namesilo,,,19/09/2026 15:48
876a8143-f2ad-4afc-b01e-fba53e1651e6,prison.tax,available,14.99,,high,low,6,name.com,,,
a0f89057-9696-4da7-ab4d-db995a61b5fb,sweetened.tax,available,8.98,85.98,medium,low,9,namecheap,,,11/09/2026 01:18
f1444b3a-a9e5-452b-b498-ccd665ec16c2,hitter.tax,available,14.99,92.99,high,low,6,name.com,,,22/09/2026 14:18
40b39597-a38a-48ba-8202-5cc0b8d4ba55,shrewd.tax,available,8.98,85.98,high,low,6,namecheap,,,22/09/2026 10:37
4e55246b-9fd1-4c20-9590-44a22f3bec7d,whore.tax,available,14.99,92.99,high,low,5,name.com,,,13/08/2026 14:16
0d483345-1b8c-4e24-b3e3-8ce86e0a19d8,revolutions.tax,available,14.99,67.49,medium,low,11,namesilo,,,20/09/2026 15:34
18a7dadb-d6df-4262-b835-466a8355e181,pawky.tax,available,8.98,85.98,medium,low,5,namecheap,,,08/09/2026 10:57
11341a0a-4107-4082-9c39-db1477ba4ddb,etcetera.tax,available,8.98,85.98,high,low,8,namecheap,,,13/09/2026 19:52
0caf3847-b335-4111-93e2-da7e4c0fd7eb,devoutly.tax,available,8.98,85.98,medium,low,8,namecheap,,,14/09/2026 12:30
b8c83367-1bbe-4b34-afb4-f0e194861837,agapanthus.tax,available,14.99,67.49,medium,low,10,namesilo,,,17/09/2026 16:11
3dfffb00-57f3-4c6c-b135-104464d149f8,ambulances.tax,available,14.99,67.49,medium,low,10,namesilo,,,21/09/2026 07:02
7154c1df-3694-4d03-9c67-30ce80196e0f,artfully.tax,available,8.98,85.98,medium,low,8,namecheap,,,13/09/2026 20:53
ff4f558b-8845-4fb9-865f-15f188176f7a,webs.tax,available,14.99,67.49,medium,low,4,namesilo,,,20/09/2026 10:33
3b82ca8f-6603-4972-b986-d400adfcdb62,unstaged.tax,available,8.98,85.98,medium,low,8,namecheap,,,12/09/2026 20:29
f0e31996-202f-4a45-b558-dee7b433a2df,raunchy.tax,available,8.98,85.98,medium,low,7,namecheap,,,09/08/2026 09:41
240e8318-38a2-4313-8ff3-0732fc24d390,sony.tax,available,,,high,medium,4,,,,
1b9bb5e3-1d2a-4f6b-8476-1635bd001d8d,traditional.tax,available,7.96,54.02,high,low,11,spaceship,,,27/09/2026 16:56
b1d975db-c1ea-44b1-adbc-034c831f5558,wimp.tax,available,8.98,85.98,medium,low,4,namecheap,,,24/09/2026 19:54
2a3a2a6b-b9c2-4fe0-bdb9-24050680282f,francesca.tax,available,14.99,,high,low,9,name.com,,,
8a427956-9089-4682-9702-16e23e971a56,mormon.tax,available,8.98,85.98,high,low,6,namecheap,,,25/08/2026 06:33
9397eeaf-d5d1-41c5-93fd-801e65064a2a,influenced.tax,available,14.99,,high,low,10,name.com,,,
eb80108b-ab87-4e77-8c14-88c47f09b78e,personable.tax,available,8.98,85.98,high,low,10,namecheap,,,08/09/2026 17:59
b352b25e-948a-489d-9f67-2d987117ce57,incomplete.tax,available,8.98,85.98,high,low,10,namecheap,,,22/08/2026 01:53
9c0b2363-581e-4b8d-bae6-3103c35b412a,soundly.tax,available,14.99,67.49,medium,low,7,namesilo,,,16/09/2026 05:34
1fabdb18-6567-4c17-8a74-ef485ac3f1f4,eddie.tax,available,14.99,,high,low,5,name.com,,,
d27e4f0f-e257-40bd-9fd7-0ed2357dd7f2,catenate.tax,available,8.98,85.98,medium,low,8,namecheap,,,11/08/2026 21:39
9d417491-4606-4a77-ad63-ab20a947a96c,ungummed.tax,available,8.98,85.98,low,low,8,namecheap,,,12/09/2026 11:43
efcf2ca6-223a-474e-9d48-e583908d8aac,slay.tax,available,8.98,85.98,medium,low,4,namecheap,,,04/09/2026 00:55
65d60527-6ac2-4ae4-86e4-83985ca418af,failure.tax,available,14.99,67.49,high,low,7,namesilo,,,25/09/2026 22:41
b1bc4aeb-8a7d-4ef8-86ab-c7ad93ec7bd8,respondents.tax,available,14.99,67.49,medium,low,11,namesilo,,,25/09/2026 21:41
e5a88486-0c8b-4f2f-84fd-5356c1706e03,smelly.tax,available,8.98,85.98,medium,low,6,namecheap,,,18/08/2026 02:31
b0432f45-b824-4482-a806-b3d4cd703d4f,barometer.tax,available,14.99,67.49,high,low,9,namesilo,,,22/09/2026 07:00
cb360ba2-0961-48df-8c27-382cf497caeb,brazilian.tax,premium,118.8,118.8,high,low,9,namesilo,,,11/08/2026 02:57
45b04bd5-aed2-44a2-86b1-26c4c6a3e8d8,barnburner.tax,available,8.98,85.98,medium,low,10,namecheap,,,22/09/2026 06:49
51adca6a-156d-4216-9560-9620b0e27e42,bestower.tax,available,8.98,85.98,medium,low,8,namecheap,,,23/09/2026 10:47
1151b8af-27ae-4ca6-9939-d653a09ad541,enwrapped.tax,available,8.98,85.98,medium,low,9,namecheap,,,
9259505b-fd42-44c3-884f-bef3477dad3e,swarthy.tax,available,8.98,85.98,medium,low,7,namecheap,,,11/09/2026 05:25
c9efbd42-7577-425c-af2f-d002b65c6bcd,them.tax,available,14.99,,high,low,4,name.com,,,
39c355e8-6c40-451f-a277-16a54e293f13,rashes.tax,available,14.99,67.49,low,low,6,namesilo,,,19/09/2026 21:50
6dcd60cb-7b09-48af-95da-a01e7ff860b9,fatless.tax,available,8.98,85.98,medium,low,7,namecheap,,,17/08/2026 23:27
10a52925-c3f7-4cc5-a2e5-1dbd7b303a67,dusk.tax,available,8.98,85.98,high,low,4,namecheap,,,11/09/2026 21:39
70915203-83df-48e2-9f35-aacee33c900c,geoffrey.tax,available,14.99,67.49,medium,low,8,namesilo,,,25/09/2026 13:35
d085dd24-a912-4589-936d-37ffc04e6ee8,datable.tax,available,14.99,92.99,medium,low,7,name.com,,,13/08/2026 18:36
62c06a0c-56fc-4c7e-8d6d-5ec15da9674f,tucked.tax,available,8.98,85.98,high,low,6,namecheap,,,11/09/2026 21:02
50c11b68-7d5f-4d83-8a4d-43e5b43ead8d,ancillary.tax,available,8.98,85.98,high,low,9,namecheap,,,
d1cfe527-e306-45ea-bbc7-68158df46a5d,nodding.tax,available,8.98,85.98,high,low,7,namecheap,,,12/08/2026 00:48
25eca481-f8c5-4b8e-a983-0654287b65e7,lexically.tax,available,8.98,85.98,medium,low,9,namecheap,,,15/09/2026 11:16
383b02db-a873-4a14-a3c9-8cec6ec5d38d,husky.tax,available,,,high,medium,5,,,,
4c0a8cf1-845c-42ab-9965-67fdf81ca401,shaggy.tax,available,8.98,85.98,medium,low,6,namecheap,,,11/08/2026 11:17
f0d1e830-ebdd-499c-ad23-6cb1a3e7171f,excavate.tax,available,8.98,85.98,high,low,8,namecheap,,,21/08/2026 10:33
cbb7abb2-5196-472c-ba74-c2581d189759,comely.tax,available,8.98,85.98,medium,low,6,namecheap,,,09/08/2026 06:13
c5b509b7-94c2-4af3-a429-5fc4fbcf3403,agamic.tax,available,8.98,85.98,medium,low,6,namecheap,,,
c7bd282a-6402-4453-9b5e-48d0e8ef0d0b,resort.tax,available,14.99,,high,low,6,name.com,,,
6b27924c-a160-4249-8bbd-9ed2124918be,refreshing.tax,available,8.98,85.98,high,low,10,namecheap,,,11/08/2026 00:37
8058bc96-58bc-429a-ae17-430a00115e60,proustian.tax,available,8.98,85.98,medium,low,9,namecheap,,,09/09/2026 04:22
a70764f8-5213-48c0-a7c2-cf9bfc3e117e,barroom.tax,available,8.98,85.98,medium,low,7,namecheap,,,22/09/2026 03:34
8aac621a-62e3-4d7b-b66e-b3f541be309b,patrol.tax,available,14.99,67.49,high,low,6,namesilo,,,25/09/2026 23:57
630adf6e-b78c-42cb-867b-2312418e93e8,aramean.tax,available,8.98,85.98,medium,low,7,namecheap,,,06/08/2026 12:02
9400ee0f-c564-481e-b489-cd5760c52b42,dainty.tax,available,14.99,92.99,high,low,6,name.com,,,13/08/2026 15:40
c28b25f2-4044-4499-ac5d-c145043bdd1f,matai.tax,available,8.98,85.98,medium,low,5,namecheap,,,24/09/2026 01:23
aa877e59-2342-485b-a997-a627be45a982,acerose.tax,available,8.98,85.98,medium,low,7,namecheap,,,
fab02d1b-f06e-442b-a85a-2a5f92f3d027,goodly.tax,available,8.98,85.98,high,low,6,namecheap,,,20/08/2026 16:36
9049d4c2-34de-4564-9000-970ba52a89b1,sunderland.tax,available,13.5,,high,low,10,unstoppable,,,28/09/2026 03:08
6d6a5ecd-703e-4c5e-a697-dde3b49e9902,linda.tax,available,14.99,67.49,high,low,5,namesilo,,,25/09/2026 14:03
d6e5086c-1080-4a46-8cf0-e89cd9240d04,welshman.tax,available,8.98,85.98,medium,low,8,namecheap,,,13/09/2026 10:44
a0861b62-1fc5-4b9b-add2-11df9f894ddc,charts.tax,available,14.99,67.49,high,low,6,namesilo,,,18/09/2026 23:12
24fe7d33-eec4-4369-8411-f38280b3554e,johnston.tax,available,14.99,67.49,high,low,8,namesilo,,,25/09/2026 07:53
db27f87f-ba3b-4d1f-82a4-da796e68b201,scurrilous.tax,available,8.98,85.98,medium,low,10,namecheap,,,
a624118e-c167-4e75-b5fc-9e5b4606a2e7,relationships.tax,available,8.98,85.98,medium,low,13,namecheap,,,17/09/2026 20:15
09faece9-2b09-4497-b07a-3a5743d700e1,thinly.tax,available,8.98,85.98,medium,low,6,namecheap,,,11/09/2026 13:26
ba736af4-f711-4567-9c90-79f887dc639d,winchester.tax,available,14.99,67.49,high,low,10,namesilo,,,28/09/2026 03:16
3a281174-9d13-46c2-a044-8d33bcdb9d59,papaw.tax,available,14.99,67.49,medium,low,5,namesilo,,,20/09/2026 14:12
33d74f51-1ba8-4272-803d-0511ffb056c7,bears.tax,available,14.99,,high,low,5,name.com,,,
097b0267-2995-45fa-b532-214298a1d4d1,xxxvii.tax,available,8.98,85.98,medium,low,6,namecheap,,,
6a07e41f-e7e3-4e57-ae88-5ba0d1fbd2fa,antrum.tax,available,14.99,67.49,medium,low,6,namesilo,,,19/09/2026 15:46
dbc5a1f2-67fc-49be-9f65-7f5ce5e71b10,lxiv.tax,available,8.98,85.98,medium,low,4,namecheap,,,
89db0bca-d3ab-4a91-bac4-379e31aa1928,iddm.tax,available,14.99,67.49,medium,low,4,namesilo,,,21/09/2026 06:41
6941fb32-afc0-4e96-9916-86eeb7994508,acinose.tax,available,8.98,85.98,medium,low,7,namecheap,,,
6a528e67-d093-482b-afa0-760b5c958841,dealership.tax,available,14.99,67.49,high,low,10,namesilo,,,25/09/2026 03:26
eccabe43-436a-457e-903e-0f61c85efcea,confidence.tax,available,14.99,67.49,high,low,10,namesilo,,,20/09/2026 16:46
86ed121c-78d4-4ea4-b63c-64656a85cdbe,color.tax,available,14.99,67.49,high,low,5,namesilo,,,23/09/2026 15:05
388cd465-fb5e-46f5-963e-d81b9f9bd163,unbecoming.tax,available,8.98,85.98,medium,low,10,namecheap,,,22/08/2026 02:19
117cedb6-b2be-4ca2-aab6-dfae8151d6ab,pithily.tax,available,8.98,85.98,medium,low,7,namecheap,,,15/09/2026 20:06
b28b878b-c9d2-4eba-93c9-6b1529eebaa5,barebacked.tax,available,8.98,85.98,medium,low,10,namecheap,,,08/08/2026 18:44
f25fb887-74b8-46c9-8ed4-0c9fa389932c,leakproof.tax,available,8.98,85.98,medium,low,9,namecheap,,,22/08/2026 21:59
8e95615d-18ca-429b-bbd6-8debc432e81b,flesh.tax,available,14.99,67.49,high,low,5,namesilo,,,25/09/2026 21:58
6d3312f1-0bc6-4ad8-a476-0c776535b941,fuss.tax,available,14.99,67.49,high,low,4,namesilo,,,17/09/2026 09:21
4fe4561f-e825-457c-9677-a150c1fb4c26,exclusive.tax,resell,,,high,low,9,"DNSPod, Inc.",16/11/2023 15:15,16/11/2026 15:15,26/09/2026 05:56
e092178c-f751-4fd7-8fc2-010b3420a7ba,bandy.tax,available,8.98,85.98,medium,low,5,namecheap,,,08/08/2026 11:45
7de5ce21-2fab-4feb-9b89-de4242ea0dbf,analyzed.tax,available,8.98,85.98,medium,low,8,namecheap,,,
8091ace3-38ae-4bc4-b6b1-458e9acaed65,imperious.tax,available,8.98,85.98,medium,low,9,namecheap,,,21/08/2026 01:26
5d1e2734-c72b-4936-b6f7-cc2a790816a2,competing.tax,available,14.99,,high,low,9,name.com,,,
cdf9e666-2de0-4b99-b866-b09c2aed539c,hospitably.tax,available,8.98,85.98,medium,low,10,namecheap,,,15/09/2026 01:10
248686a1-a8ee-480c-9a69-1d539de286a2,tin.tax,available,14.99,,high,low,3,name.com,,,
f3e38840-a713-4037-88f7-1f514997f033,lakh.tax,available,8.98,85.98,medium,low,4,namecheap,,,21/08/2026 15:36
5e1e2d80-b911-4908-add0-6cd042164028,encrusted.tax,available,8.98,85.98,medium,low,9,namecheap,,,13/08/2026 09:24
7ebe60ff-1861-403b-b4a6-5473f8b3fb87,advertence.tax,available,14.99,67.49,medium,low,10,namesilo,,,17/09/2026 11:06
730f02e9-5847-41f6-a25b-0095faca1880,traverse.tax,available,8.98,85.98,high,low,8,namecheap,,,13/08/2026 07:58
9d5bcec3-2067-4934-88a6-0b52271f422a,enjoying.tax,available,8.98,85.98,medium,low,8,namecheap,,,25/09/2026 21:02
2b714e16-60ee-463f-ae87-6a58760ca79c,depression.tax,available,14.99,67.49,medium,low,10,namesilo,,,25/09/2026 14:31
b85461b8-3b38-4286-94ed-fff9e0f7d15d,scanners.tax,available,14.99,67.49,medium,low,8,namesilo,,,19/09/2026 22:09
ed83a1c7-f17e-4912-8a81-7479f191626a,autotroph.tax,available,14.99,67.49,medium,low,9,namesilo,,,21/09/2026 07:36
5820150f-ab7d-4989-91b8-a16664efb2a2,ataraxic.tax,available,8.98,85.98,low,low,8,namecheap,,,07/08/2026 12:49
63d6b435-345a-44a5-99a7-a86a4a57ceec,straying.tax,available,8.98,85.98,medium,low,8,namecheap,,,10/09/2026 22:14
49900067-ab4a-423c-8901-e8ee9231cdf4,fortune.tax,resell,,,high,low,7,"DNSPod, Inc.",05/02/2025 15:15,05/02/2027 15:15,26/09/2026 06:13
194f2881-d9b7-463c-84f7-ca5e186e93be,psycho.tax,available,14.99,67.49,high,low,6,namesilo,,,27/09/2026 07:59
c1b6acee-9825-43ca-a678-11680b0308f9,obligation.tax,available,14.99,67.49,high,low,10,namesilo,,,24/09/2026 13:40
8245500a-7897-4179-8996-ad45c11a8bc4,airworthy.tax,available,8.98,85.98,medium,low,9,namecheap,,,
ca11532b-02a2-4d85-b56a-a3a26af86a6c,bishopric.tax,available,14.99,67.49,medium,low,9,namesilo,,,23/09/2026 21:59
b9349582-afa2-4540-88af-d9799020ee6a,baize.tax,available,8.98,85.98,medium,low,5,namecheap,,,21/09/2026 19:59
695ab2a6-f738-4989-8c1c-172fc6a640c8,cellar.tax,available,14.99,67.49,high,low,6,namesilo,,,22/09/2026 10:16
07b103b6-1298-44bc-a39c-67a663973d9d,clientele.tax,available,14.99,67.49,high,low,9,namesilo,,,24/09/2026 15:37
9acb95ce-502d-4443-a2ac-4500fc3c6f1b,broth.tax,available,8.98,85.98,high,low,5,namecheap,,,24/09/2026 10:49
0cf2851e-7eee-443d-88f7-22e51a6d0120,trustfully.tax,available,8.98,85.98,high,low,10,namecheap,,,14/09/2026 08:14
3e03ac58-9937-426d-bcbc-51a3a9cddbf0,tokyo.tax,premium,128.7,128.7,high,low,5,namecheap,,,24/09/2026 12:18
341c5de1-5f91-4d50-baad-4ca7a04a9903,vacuous.tax,available,8.98,85.98,low,low,7,namecheap,,,07/08/2026 02:52
275d3948-c47f-46ec-8e27-248d7a0e4a17,picayune.tax,available,8.98,85.98,medium,low,8,namecheap,,,18/08/2026 03:37
7879c0e8-3ebd-4f6c-b987-f6b475edcc43,cosher.tax,available,8.98,85.98,medium,low,6,namecheap,,,13/08/2026 02:47
ba59abe1-916d-4b03-adbe-6bb6fb5141ab,reckless.tax,available,8.98,85.98,medium,low,8,namecheap,,,18/08/2026 10:33
78b1fac9-93c2-495c-987d-6e78735bec00,capricorn.tax,available,14.99,67.49,high,low,9,namesilo,,,24/09/2026 12:40
0b3b81da-cd0b-4975-9998-73ad2ea89c3f,auspices.tax,available,14.99,67.49,medium,low,8,namesilo,,,17/09/2026 12:16
e6d2fb5b-0a54-47ac-9a23-6f3cde352f26,rapt.tax,available,8.98,85.98,high,low,4,namecheap,,,14/08/2026 23:50
ac8fb20a-d6fc-41e9-86bc-a8d703840bf5,keyless.tax,available,8.98,85.98,medium,low,7,namecheap,,,22/08/2026 15:44
a291f6e1-1c2a-4929-8f60-494773f64804,invalidate.tax,available,8.98,85.98,high,low,10,namecheap,,,13/09/2026 06:37
7ffa8705-7d1b-441e-942c-a3565a4eeb2a,overfull.tax,available,8.98,85.98,medium,low,8,namecheap,,,20/08/2026 15:31
c2e63c3d-ebee-40d3-a634-916006ca2b71,joyously.tax,available,8.98,85.98,high,low,8,namecheap,,,14/09/2026 21:30
467fa96b-2387-4ccf-88b7-49d6e5ed55be,bag.tax,available,8.98,85.98,high,low,3,namecheap,,,04/09/2026 13:24
04390660-75c4-44d4-9e26-258ac4cfcd34,women.tax,available,14.99,,high,low,5,name.com,,,
bfcc0ad9-0e6e-49ac-8178-88102da04476,men.tax,available,14.99,,high,low,3,name.com,,,
02e7a07a-961b-4180-beb0-a73a7c9e00f1,pommel.tax,available,14.99,67.49,medium,low,6,namesilo,,,23/09/2026 13:53
5ed1a73b-573f-41df-a135-d885cf62bbcf,vent.tax,available,14.99,,high,low,4,name.com,,,
f9a652e3-486a-43aa-9904-a72d6caec0c5,weapons.tax,available,14.99,67.49,medium,low,7,namesilo,,,25/09/2026 17:10
b4d0eef2-e79d-47a1-be5d-a93d86348111,diagnosis.tax,available,8.98,85.98,high,low,9,namecheap,,,24/09/2026 22:08
c0020f1f-83c1-40bf-8af0-f33e248ada74,bushy.tax,available,8.98,85.98,high,low,5,namecheap,,,11/08/2026 11:15
0f64cd06-dbe5-46be-88b5-5a1956bb71ab,urgent.tax,available,14.99,67.49,high,low,6,namesilo,,,27/09/2026 06:05
e9ad0e38-1868-47ee-8c7b-1b3b58afc782,soul.tax,available,14.99,67.49,high,medium,4,namesilo,,,25/09/2026 09:19
66c2bbad-6fca-4365-9774-2703c4bab43a,maureen.tax,available,8.24,54.07,medium,low,7,porkbun,,,27/09/2026 19:11
80b9f2d1-bea2-4b87-912f-fa27104d8cde,loaded.tax,available,8.98,85.98,high,low,6,namecheap,,,
53844317-10a7-47bb-9488-a241a84127bd,alluring.tax,available,14.99,67.49,high,low,8,namesilo,,,22/09/2026 01:34
530349a2-ff98-4624-9f1c-8b3056cd8d45,adorned.tax,available,8.98,85.98,high,low,7,namecheap,,,
8eb97480-b593-4476-8dfd-6bd6bdb959b6,conjointly.tax,available,8.98,85.98,medium,low,10,namecheap,,,14/09/2026 07:27
2af943a2-c170-472f-ba0e-14dbe9037a3d,benzoate.tax,available,8.98,85.98,medium,low,8,namecheap,,,23/09/2026 08:56
d63527b4-c5eb-49d4-b470-0329fce93ffd,precipitous.tax,available,14.99,,medium,low,11,name.com,,,
15fc3fe0-0568-4bd2-8ec8-11af44978e78,conciliate.tax,available,8.98,85.98,high,low,10,namecheap,,,18/08/2026 22:04
13e7d8fa-96e1-434d-b3d9-773c835b4ffa,bargee.tax,available,14.99,67.49,medium,low,6,namesilo,,,22/09/2026 05:47
d6952300-86b2-4274-978a-61fb88e1b3c0,memorize.tax,available,14.99,,high,low,8,name.com,,,
3307f3b6-6598-4688-8c03-db389b697a65,commonweal.tax,available,14.99,,medium,low,11,name.com,,,
f7d12796-b54e-4a85-99e9-7f2b2917cb4a,tectonic.tax,available,8.98,85.98,medium,low,8,namecheap,,,06/08/2026 15:47
fd56d3ce-b9c8-4780-8bfb-7f06d4d16a57,demolition.tax,available,14.99,67.49,high,low,10,namesilo,,,24/09/2026 21:50
b50097f8-ca2c-4ce7-951a-cc8e5d870c71,auntie.tax,available,14.99,67.49,high,low,6,namesilo,,,21/09/2026 04:11
fa80ea25-65b9-4f1d-81aa-d570a9e0eef5,shredded.tax,available,8.98,85.98,medium,low,8,namecheap,,,12/08/2026 06:59
8930008e-74db-4d86-bba5-e2c355aacf50,lease.tax,premium,118.8,118.8,high,low,5,namesilo,,,09/09/2026 14:19
d42f027c-9758-4280-ba3c-ab0057e1f732,doubly.tax,available,8.98,85.98,medium,low,6,namecheap,,,14/09/2026 13:48
f9ff30f3-0dd4-4047-ad95-7826babd7095,undergraduate.tax,available,14.99,,medium,low,13,name.com,,,
cb049384-1aaa-436e-b8d3-e3081bcbe9f2,deserved.tax,available,8.98,85.98,high,low,8,namecheap,,,14/08/2026 03:27
4bdc27e2-b6c0-4639-bc4c-cc766174e0a3,armillaria.tax,available,14.99,67.49,medium,low,10,namesilo,,,20/09/2026 07:07
73a64c81-57bc-4623-a195-9443b40d907d,dialectic.tax,available,8.98,85.98,high,low,9,namecheap,,,14/08/2026 05:50
eea04cb1-be68-4d8e-b444-308f3889e782,coalition.tax,available,14.99,67.49,high,low,9,namesilo,,,18/09/2026 07:45
5f66d9e3-016c-4d6a-8b28-eb5ccd829303,airlock.tax,available,8.98,85.98,high,low,7,namecheap,,,17/09/2026 22:33
7f8932e5-740b-428a-b11d-0ccdb4d78329,retral.tax,available,8.98,85.98,medium,low,6,namecheap,,,09/09/2026 15:44
cab3637b-343e-4f93-88cf-841449a2f969,citric.tax,available,8.98,85.98,medium,low,6,namecheap,,,12/08/2026 08:54
e96262ca-6c06-4d2e-af0e-9061a0e0232d,broom.tax,available,14.99,67.49,high,low,5,namesilo,,,24/09/2026 10:47
1e4df712-d562-4deb-9d20-d2b1aa28b4b4,bricole.tax,available,14.99,67.49,medium,low,7,namesilo,,,20/09/2026 00:36
33d8cc51-ef8b-42b1-851b-565f1f5d9dba,alchemical.tax,available,8.98,85.98,medium,low,10,namecheap,,,
fc0c7060-9a8d-4485-b70e-648a25284b02,banding.tax,available,14.99,67.49,high,low,7,namesilo,,,22/09/2026 01:17
4288ba28-f258-4566-8d59-3b11941597ec,ineffably.tax,available,8.98,85.98,medium,low,9,namecheap,,,15/09/2026 07:55
7f015644-375c-42b1-abb5-cdaea33b87e3,sustained.tax,available,8.98,85.98,high,low,9,namecheap,,,18/08/2026 14:51
1569b48d-1cfa-4c33-b16e-31f131b0409e,ostensive.tax,available,8.98,85.98,medium,low,9,namecheap,,,04/09/2026 18:31
c8762af0-7fcc-488d-9d79-89cfd5483637,alterable.tax,available,8.98,85.98,medium,low,9,namecheap,,,22/09/2026 02:18
0317e660-1a4e-45dd-81c6-0e9e6d1a498f,arrogance.tax,available,8.98,85.98,high,low,9,namecheap,,,20/09/2026 09:19
2e74ca29-11eb-4364-a9fc-9fc041f940e7,cams.tax,available,14.99,67.49,medium,low,4,namesilo,,,20/09/2026 11:30
d8ed5af5-ee51-4283-b5b9-6f7e6131f861,weave.tax,available,14.99,,high,low,5,name.com,,,
d7c06958-5ddb-476a-8b40-d0681cbcd33d,wroth.tax,available,8.98,85.98,medium,low,5,namecheap,,,13/09/2026 13:38
75cac5f5-3193-4fcc-b816-b27a4bf7bb36,elegant.tax,available,14.99,67.49,high,low,7,namesilo,,,24/09/2026 13:48
73feff06-b954-450a-a716-ad35bdce9688,downtown.tax,available,8.98,85.98,high,low,8,namecheap,,,24/09/2026 12:02
f7be7956-363d-4b40-bcef-12792d335fe0,actinon.tax,available,8.98,85.98,medium,low,7,namecheap,,,
be0c7bfa-280d-4562-b9b5-6e32421e5d25,apparent.tax,available,8.98,85.98,high,low,8,namecheap,,,06/08/2026 05:08
43cc2b95-d5c1-4c81-b546-28e5fd62c457,luncheon.tax,available,14.99,,high,low,8,name.com,,,
1ff9284a-19b2-4c33-8c69-0ac4a06c9962,goody.tax,available,14.99,92.99,high,low,5,name.com,,,13/08/2026 15:54
61c7a8ec-af4d-49dd-a5e6-3cdad0e4c30e,decision.tax,available,14.99,67.49,high,low,8,namesilo,,,24/09/2026 17:06
3e2ee68c-c8bf-40f0-a882-8e0fd5f2181d,malignant.tax,available,8.98,85.98,medium,low,9,namecheap,,,24/08/2026 14:08
1b97a75b-3f99-41a4-be11-7f90fd42c441,desert.tax,available,8.98,85.98,high,low,6,namecheap,,,24/09/2026 06:40
e729dd04-aee0-4bc2-943d-6c807e019f45,laden.tax,available,8.98,85.98,medium,low,5,namecheap,,,22/08/2026 18:30
ca042f03-e416-4872-9798-e418a9c758ea,nsa.tax,available,14.99,67.49,high,low,3,namesilo,,,27/09/2026 04:50
5d842376-42ab-418d-9a6c-48269b9419c9,factories.tax,available,14.99,67.49,medium,low,9,namesilo,,,20/09/2026 05:09
f56686a5-96f9-45da-bc35-0fd3df504c3f,northern.tax,available,14.99,67.49,high,low,8,namesilo,,,25/09/2026 23:11
39e6979b-5276-4328-a69c-d19a23d1c45f,dicky.tax,available,8.98,85.98,medium,low,5,namecheap,,,14/08/2026 06:27
2e799f76-cf51-4352-b958-ea1603dbc212,touch.tax,resell,,,high,low,5,"DNSPod, Inc.",20/01/2023 15:15,20/01/2027 15:15,26/09/2026 09:42
10ef4fee-9142-4431-acbe-20e75341efa9,disruptive.tax,available,8.98,85.98,medium,low,10,namecheap,,,14/08/2026 12:21
995bb4d3-fc98-4945-9ca6-b1e6f2478dcf,headfirst.tax,available,8.98,85.98,medium,low,9,namecheap,,,21/08/2026 01:52
b224564e-2de5-4da8-a030-8890954d8fa7,oppose.tax,available,14.99,,high,low,6,name.com,,,
e3a6df07-1c24-48fe-812c-2839149fa0a2,codes.tax,premium,118.8,118.8,high,low,5,namesilo,,,
19417014-caf2-4f7c-841b-f7a65679cfa0,liqueur.tax,available,8.98,85.98,high,low,7,namecheap,,,13/08/2026 01:02
34134c75-9218-46f5-9d17-6524430c7c59,sul.tax,available,8.98,85.98,medium,low,3,namecheap,,,27/09/2026 10:19
532d2ea6-ca5b-4361-93c8-ed4afe1d59e5,autumn.tax,available,14.99,,high,low,6,name.com,,,
f7e3f7c7-8da3-485f-831c-30b0474fe69c,isolated.tax,available,14.99,67.49,medium,low,8,namesilo,,,22/09/2026 07:07
60adcb41-3be8-4e6d-9acd-ee9f1f2a17b9,fanged.tax,available,8.98,85.98,medium,low,6,namecheap,,,17/08/2026 22:05
2210c8d7-956d-4454-bf77-ba808a362552,stoutness.tax,available,8.98,85.98,medium,low,9,namecheap,,,04/09/2026 22:03
c6f043ce-fe37-41a1-99e9-a38d6234a696,newsless.tax,available,8.98,85.98,low,low,8,namecheap,,,03/09/2026 16:52
4f4a3dab-a358-42dd-b2df-b73068d7fca2,abjurer.tax,available,14.99,67.49,medium,low,7,namesilo,,,16/09/2026 16:02
61e9254d-ffe4-4354-9255-3707df1d00ba,cocotte.tax,available,14.99,92.99,medium,low,7,name.com,,,13/08/2026 14:14
10f37539-418b-48dc-85fa-e765201e961d,archimedes.tax,available,8.98,85.98,medium,low,10,namecheap,,,20/09/2026 02:08
ccbd1300-cb3a-4d97-86d3-de51f808a507,soothing.tax,available,8.98,85.98,high,low,8,namecheap,,,07/08/2026 07:40
4e8a388d-28bb-4ed1-b2a3-270b515213b4,wry.tax,available,8.98,85.98,high,low,3,namecheap,,,22/08/2026 10:08
c137f30c-2f17-45a1-973d-c62654793822,sixteenth.tax,available,8.98,85.98,high,low,9,namecheap,,,
03afa2dd-ff4e-4c2e-b674-f51f51b09c77,myoid.tax,available,8.98,85.98,low,low,5,namecheap,,,03/09/2026 12:10
2441be08-869a-41c1-a0d7-22aaeb69790a,banned.tax,available,8.98,85.98,medium,low,6,namecheap,,,08/08/2026 13:44
9190379d-0bec-49e4-a7b4-9221fe9cae22,roadster.tax,available,8.98,85.98,high,low,8,namecheap,,,11/08/2026 08:06
6b0f1a28-8bd8-4b9d-aa1f-fa509efdf3c9,bragg.tax,available,14.99,67.49,medium,low,5,namesilo,,,25/09/2026 21:58
27971226-dd75-4e31-bf2c-69ccc5b14879,catalog.tax,available,8.98,85.98,high,low,7,namecheap,,,24/09/2026 13:07
a50db22a-d6e8-4e1a-946b-85816a10d935,outsize.tax,available,8.98,85.98,high,low,7,namecheap,,,04/09/2026 19:38
076667f0-d2d9-4fbc-8438-c576adc0b623,acrobates.tax,available,14.99,67.49,medium,low,9,namesilo,,,17/09/2026 03:18
dd91546f-37c5-4090-af72-b0915ed4710b,gloss.tax,available,8.98,85.98,high,low,5,namecheap,,,08/09/2026 22:58
a1811873-e7a3-499a-8ce9-1824073729a6,creation.tax,available,52.2,52.2,high,low,8,cloudflare,,,28/09/2026 03:53
8b101fe2-aef3-44af-bfb3-80b5aec0597d,olibanum.tax,available,8.98,85.98,medium,low,8,namecheap,,,16/09/2026 09:03
8c6671f4-b657-4c71-9ae9-3eae1ee9f02b,marginal.tax,available,14.99,67.49,high,low,8,namesilo,,,23/09/2026 00:04
48c9e6cf-8254-4ae3-b42b-7aae6bec15eb,serous.tax,available,8.98,85.98,medium,low,6,namecheap,,,10/09/2026 04:43
6bd9a998-e6ea-4c08-bce9-5a6b08fb4818,erstwhile.tax,available,8.98,85.98,medium,low,9,namecheap,,,17/08/2026 13:05
14bfd2a9-a37d-4ac7-8041-f11891576304,considered.tax,available,8.98,85.98,high,low,10,namecheap,,,23/09/2026 20:51
18cd818e-4a30-407f-8032-449411b5feb3,sketch.tax,available,13.5,,high,low,6,unstoppable,,,28/09/2026 01:36
abfbcade-f93c-4cf2-adf7-3dc8b2b01eae,buoyant.tax,available,8.98,85.98,high,low,7,namecheap,,,11/08/2026 10:06
e849c8d2-bf64-4cf6-b1a5-74861a71fc1f,antonym.tax,available,8.98,85.98,medium,low,7,namecheap,,,04/09/2026 16:48
bdf6521b-8972-4419-9050-e0a41dad6849,abator.tax,available,8.98,85.98,medium,low,6,namecheap,,,16/09/2026 14:13
471ccbbf-8d62-4fb9-a646-697f94e0c13d,barbette.tax,available,8.98,85.98,medium,low,8,namecheap,,,22/09/2026 04:54
b250e3cb-a6d8-4e95-ad9f-5e60c585dead,arabian.tax,available,8.98,85.98,high,low,7,namecheap,,,06/08/2026 11:05
704c6e4a-4014-4a76-9e7b-eeb74a3060cf,catharsis.tax,available,14.99,67.49,high,low,9,namesilo,,,16/09/2026 17:03
469d6d26-7ba2-4342-99c9-5ce9fb4bbe1f,applaud.tax,available,14.99,,high,low,7,name.com,,,
35ea82ec-b88a-4246-bffb-727fcadd9c21,jocose.tax,available,8.98,85.98,medium,low,6,namecheap,,,22/08/2026 12:54
c68f524f-8e24-4a57-bd01-4df8df35e080,overcast.tax,available,8.98,85.98,high,low,8,namecheap,,,12/08/2026 12:29
852657d9-b0e6-444b-9232-4eb948970e1a,fadeout.tax,available,8.98,85.98,medium,low,7,namecheap,,,09/09/2026 11:18
36e6319b-4036-47ce-9d25-d2830f8687a1,halfway.tax,available,8.98,85.98,high,low,7,namecheap,,,11/08/2026 23:56
35e41021-f8bf-4460-b437-db524e33c613,deals.tax,premium,118.8,118.8,high,low,5,namesilo,,,27/09/2026 10:04
96c07dd5-6cbe-48c1-a25b-885e52871fd0,seaworthy.tax,available,8.98,85.98,high,low,9,namecheap,,,10/09/2026 01:05
bb39dc8b-eefc-4bbb-a868-f28ad5feb325,ammunition.tax,available,14.99,67.49,high,low,10,namesilo,,,18/09/2026 22:05
2f21742a-63bf-41b0-8d5c-27670f443569,astrodome.tax,available,14.99,67.49,medium,low,9,namesilo,,,20/09/2026 17:37
d4e34f27-f908-41a1-940c-3fe309b77339,ernie.tax,available,8.98,85.98,high,low,5,namecheap,,,27/09/2026 07:15
69f3ee5e-31d7-448f-a302-9c752b8d961c,differed.tax,available,14.99,67.49,medium,low,8,namesilo,,,20/09/2026 05:03
23fb9c05-de58-4dca-bd1d-6cc4ec8faabd,balsam.tax,available,14.99,92.99,high,low,6,name.com,,,22/09/2026 00:04
88261b90-ed23-4a5e-96e7-3e890069c412,discursive.tax,available,8.98,85.98,medium,low,10,namecheap,,,14/08/2026 06:00
2c7381f3-68ab-47aa-a6ca-5d8a0c717b9c,shallot.tax,available,8.98,85.98,medium,low,7,namecheap,,,18/09/2026 11:16
0ccad80a-6f11-49f9-84f9-bd22969348de,pregnant.tax,available,8.98,85.98,high,low,8,namecheap,,,25/09/2026 18:23
1467fc28-e9f8-47cc-98ce-57511f4e39a8,bhutanese.tax,available,8.98,85.98,medium,low,9,namecheap,,,09/08/2026 18:24
88c71d1c-05dd-4bf8-ad3d-86acb0b59f00,daringly.tax,available,8.98,85.98,medium,low,8,namecheap,,,14/09/2026 10:37
5ba3c4f3-9725-48ff-97a5-21db2c8f149b,dracula.tax,available,14.99,,high,low,7,name.com,,,
e6ca7ec3-60e0-4c60-a780-e69c2542c9c5,struggling.tax,available,8.98,85.98,medium,low,10,namecheap,,,10/09/2026 22:52
c4e446b3-63d2-43f4-9247-7e499901061c,scathing.tax,available,8.98,85.98,medium,low,8,namecheap,,,09/09/2026 22:57
81fac1eb-b137-4641-86f7-6a10ba88be84,nuprin.tax,available,14.99,67.49,medium,low,6,namesilo,,,17/09/2026 11:20
d08fe43e-1463-4ffc-98ec-168d3182a489,praises.tax,available,14.99,67.49,medium,low,7,namesilo,,,19/09/2026 00:10
d960405c-3774-4ac3-8419-74f13781a72b,colon.tax,available,14.99,67.49,high,low,5,namesilo,,,20/09/2026 15:16
513cb0ad-9b76-445d-8227-d5e05f69c53d,fuddled.tax,available,8.98,85.98,low,low,7,namecheap,,,09/08/2026 15:36
8babd774-8c1d-4dd3-837d-0f21d24b7af3,telltale.tax,available,8.98,85.98,high,low,8,namecheap,,,11/09/2026 10:35
38627bb1-fc61-4de3-9c1c-24c915008e77,marvellous.tax,available,14.99,67.49,high,low,10,namesilo,,,25/09/2026 00:14
c9b6a5da-acbf-4f7f-8cab-accdd9bcf7d4,bumper.tax,available,8.98,85.98,high,low,6,namecheap,,,24/09/2026 11:09
68ee4c11-ac17-4b07-90f6-915f6b752f17,letting.tax,available,8.98,85.98,high,low,7,namecheap,,,09/09/2026 14:21
0bfe69b3-a5a6-49b6-9231-c1da7f68bb6b,segregation.tax,available,14.99,67.49,medium,low,11,namesilo,,,16/09/2026 23:21
5942162b-f19b-4203-841d-759cd4f22e38,electricians.tax,available,8.98,85.98,medium,low,12,namecheap,,,20/09/2026 20:08
83a14cf8-cfad-43ff-abf9-82a87debc543,vegetables.tax,available,8.98,85.98,medium,low,10,namecheap,,,16/09/2026 12:36
b065bfa1-01c0-4775-ba0d-068590810656,percy.tax,available,14.99,67.49,high,low,5,namesilo,,,25/09/2026 06:59
acd047b1-cfcc-4d91-894b-c9d612b54c78,gruntle.tax,available,8.98,85.98,medium,low,7,namecheap,,,18/08/2026 22:14
df78900b-e124-4cbd-980e-ea3094895cd7,devil.tax,resell,,,medium,low,5,"Sav.com, LLC - 33",25/08/2025 15:15,25/08/2027 15:15,26/09/2026 05:32
a12df68d-f9eb-442c-b177-7c45d533c7d3,aware.tax,available,8.98,85.98,high,low,5,namecheap,,,25/09/2026 20:16
c4501360-a87d-4b6d-ab51-24e1095d9516,saccade.tax,available,8.98,85.98,medium,low,7,namecheap,,,22/08/2026 12:47
85f1a035-07c8-4035-9590-bdf94dc95ecd,permutable.tax,available,8.98,85.98,medium,low,10,namecheap,,,08/09/2026 17:50
1ef34d3c-0065-4090-b5d1-c141ee2343e9,nucleate.tax,available,8.98,85.98,medium,low,8,namecheap,,,03/09/2026 22:24
e717ce84-3285-4755-ae83-de8a8c47e64a,sully.tax,available,8.98,85.98,medium,low,5,namecheap,,,24/08/2026 12:51
d9486814-1d0f-459f-9538-32e2fc3de569,beldam.tax,available,8.98,85.98,medium,low,6,namecheap,,,23/09/2026 04:45
a7be8590-8c5e-4728-89de-497febbf4474,annotation.tax,available,14.99,67.49,high,low,10,namesilo,,,19/09/2026 10:38
ca550058-f426-4b80-bcf1-50b982e05b0c,insular.tax,available,8.98,85.98,medium,low,7,namecheap,,,22/08/2026 07:38
f717667a-124f-470e-ac41-8daaccafb368,straining.tax,available,8.98,85.98,medium,low,9,namecheap,,,10/09/2026 21:43
68cea833-830c-4cf7-bee2-6f289bcc050e,keister.tax,available,8.98,85.98,low,low,7,namecheap,,,09/08/2026 11:08
ee3e81d7-44af-41c6-845f-cf5cfe3b40af,camille.tax,available,8.98,85.98,high,low,7,namecheap,,,27/09/2026 07:42
959d865c-3bed-430c-b748-2f92453ea037,overeat.tax,available,14.99,67.49,medium,low,7,namesilo,,,23/09/2026 17:26
dd6d679f-02fa-48c0-a554-2684f3936fd4,ardent.tax,available,8.98,85.98,high,low,6,namecheap,,,06/08/2026 16:11
4ee3b532-e4e3-4d64-a6ab-a6953d0cf674,leafy.tax,available,8.98,85.98,high,low,5,namecheap,,,22/08/2026 21:57
94c275ce-82e9-4081-8aeb-15d87a384883,basically.tax,available,14.99,,high,low,9,name.com,,,
976e6a5b-660d-49e6-9241-a7f815fdabd6,publicly.tax,available,14.99,,medium,low,8,name.com,,,
b382e5b8-17d1-4fae-b3e1-310f45db4d97,embassador.tax,available,14.99,67.49,medium,low,10,namesilo,,,18/09/2026 16:29
f8f0d53a-356e-47a7-a52e-fcec12d807c8,forever.tax,available,14.99,67.49,high,medium,7,namesilo,,,27/09/2026 02:31
41d5c2ea-7f95-496b-bd1e-6601ceae4e84,bluish.tax,available,14.99,67.49,high,low,6,namesilo,,,22/09/2026 22:47
f6eb03f9-1f22-445c-bd88-f4c908994b2b,flowery.tax,available,8.98,85.98,high,low,7,namecheap,,,18/08/2026 09:09
47ec91d0-6a73-46ee-a2b2-42703f937687,howling.tax,available,8.98,85.98,high,low,7,namecheap,,,21/08/2026 14:24
c800aaee-c485-483b-b5e4-2fe461118f7d,movement.tax,available,14.99,,high,low,8,name.com,,,
c709d3ec-71c3-4b7e-8ae6-83e3579e3c69,sweet.tax,available,14.99,67.49,high,low,5,namesilo,,,25/09/2026 22:43
8b7b6ff9-de3e-45e2-a247-1fb3ad1f1c9f,inert.tax,available,8.98,85.98,high,low,5,namecheap,,,22/08/2026 03:57
5ce3369a-52d2-4c70-98a2-1e48a4d5462b,jaded.tax,available,8.98,85.98,medium,low,5,namecheap,,,22/08/2026 11:58
a10afdc2-d09a-4911-83f5-27f20e0e0a6e,katy.tax,available,14.99,,high,low,4,name.com,,,
aa65f814-995c-427e-ba0d-a175a896a344,baseball.tax,premium,118.8,118.8,high,low,8,namesilo,,,
d6b9e28a-43da-44a6-95f5-3c9ea0700134,anisette.tax,available,8.98,85.98,medium,low,8,namecheap,,,19/09/2026 09:29
e5098435-0e2b-4d56-b8b2-35613f88dc82,unfamiliar.tax,available,8.98,85.98,high,low,10,namecheap,,,12/09/2026 09:55
a5fd36e8-b6fb-44ad-b20d-de1e393bf201,tiro.tax,available,14.99,67.49,medium,low,4,namesilo,,,23/09/2026 02:28
677b4163-1095-4c06-a59d-39d4d122e666,beau.tax,available,14.99,92.99,high,low,4,name.com,,,13/08/2026 17:13
5992780d-cadc-4102-8464-c0793a8dcaa2,poster.tax,available,14.99,,high,low,6,name.com,,,
16f88c82-e741-43e6-9b57-5ea72fecf287,bakelite.tax,available,8.98,85.98,medium,low,8,namecheap,,,21/09/2026 20:15
7ae50020-ebda-41ff-aca7-9ca1120f7ef1,silverbush.tax,available,14.99,67.49,medium,low,10,namesilo,,,19/09/2026 14:04
dd9a2de9-c492-4eaa-b9d7-23ec250acbcd,populace.tax,available,8.98,85.98,high,low,8,namecheap,,,09/09/2026 05:22
c7ec9bb1-a1b6-4919-98a6-5355383dd674,intimal.tax,available,8.98,85.98,medium,low,7,namecheap,,,22/08/2026 08:28
971776ad-8eba-4008-ad54-32997aebf825,munich.tax,available,14.99,67.49,high,low,6,namesilo,,,25/09/2026 12:16
4cea6c92-42db-4b8a-b21d-8134eb11fbf0,licenced.tax,available,14.99,67.49,medium,low,8,namesilo,,,21/09/2026 15:56
b27babc4-2244-488c-b9ce-2ab03efe1ebd,spoilt.tax,available,8.98,85.98,medium,low,6,namecheap,,,10/08/2026 14:19
15808064-c051-4ca6-8cbc-8b3a28a417ac,viii.tax,available,8.98,85.98,high,low,4,namecheap,,,
4c436a7e-aeab-4a76-b0a8-5f6d8171b79a,remarkably.tax,available,8.98,85.98,medium,low,10,namecheap,,,15/09/2026 23:06
62db0be6-4480-46c0-b29d-37a750d47092,unveil.tax,available,14.99,,high,low,6,name.com,,,
728a7b59-8412-48c2-b9f5-be6b2cbb2704,native.tax,available,8.98,85.98,high,low,6,namecheap,,,03/09/2026 13:45
ec98f24c-be04-4377-9e19-04c9bfd37faa,disastrous.tax,available,8.98,85.98,medium,low,10,namecheap,,,11/08/2026 13:30
b4de371d-9653-42b4-867e-a281d731658d,approximately.tax,available,14.99,67.49,medium,low,13,namesilo,,,27/09/2026 08:28
79e28e6c-eebf-43c5-a648-7eaa445cf991,prospering.tax,available,8.98,85.98,medium,low,10,namecheap,,,10/08/2026 19:17
aa8120ae-8418-49e9-ad34-905fc143c4f1,cliff.tax,available,8.98,85.98,high,low,5,namecheap,,,24/09/2026 15:37
ac1195f0-06d4-4e1a-988a-1f24a82f7619,braky.tax,available,8.98,85.98,low,low,5,namecheap,,,11/08/2026 01:57
a0cd6cee-c7f9-4b24-90b0-e6478e25db19,swimsuits.tax,available,14.99,67.49,medium,low,9,namesilo,,,18/09/2026 15:44
c5fbe674-3727-4613-bdef-471c4f486c73,rapacious.tax,available,8.98,85.98,medium,low,9,namecheap,,,15/08/2026 05:26
01032b71-3468-4330-b8bb-3d4b2c3f87a1,favorably.tax,available,8.98,85.98,medium,low,9,namecheap,,,14/09/2026 18:00
12858694-4a68-4933-9dcd-f0b6428e43be,untilled.tax,available,8.98,85.98,medium,low,8,namecheap,,,12/09/2026 21:24
bf73def8-03fc-42e0-b313-5ce19b2a54dd,disarmer.tax,available,8.98,85.98,medium,low,8,namecheap,,,04/09/2026 22:39
03ef51de-315a-4e81-91f3-4ce98721a5f8,hollo.tax,available,14.99,67.49,high,low,5,namesilo,,,23/09/2026 06:22
4bb23674-9e29-4ba4-877e-112cfdac8ca5,seagull.tax,available,14.99,,high,low,7,name.com,,,
f214e872-c138-40d4-a754-15caa1f508f9,tomb.tax,available,8.98,85.98,medium,low,4,namecheap,,,27/09/2026 16:05
54581481-d64a-459c-9dc3-b966860e811c,vanderbilt.tax,available,14.99,67.49,high,low,10,namesilo,,,25/09/2026 04:24
84065296-5c41-4bf6-954d-3211c68600c1,clearance.tax,available,8.98,85.98,high,low,9,namecheap,,,08/09/2026 08:11
67782806-6db5-4bc5-9e38-da48cbb97f7f,countries.tax,available,14.99,,medium,low,9,name.com,,,
e7938cad-37f7-4698-8660-a62fcf47987f,mai.tax,resell,,,high,medium,3,"Sav.com, LLC - 17",17/08/2025 15:15,17/08/2027 15:15,26/09/2026 07:23
e4d038ab-14c2-4c56-a3b8-6434389996a1,diplomatic.tax,available,14.99,67.49,high,low,10,namesilo,,,24/09/2026 10:36
45222aff-0489-46a0-8faa-647156fa928f,sixer.tax,available,8.98,85.98,medium,low,5,namecheap,,,
2dbd8c9e-ae75-43cc-8c40-5b3c86caa4d2,challenging.tax,available,14.99,,high,low,11,name.com,,,
afb85420-a015-4efe-aee2-0a0b78a3c881,abkhaz.tax,available,8.98,85.98,medium,low,6,namecheap,,,
ffe958a5-b055-430c-9655-3c26deb3d7f0,reviewers.tax,available,8.98,85.98,medium,low,9,namecheap,,,21/09/2026 09:06
53c5db5e-6e5c-4345-984d-623c86e6b1e5,wrongdoing.tax,available,14.99,67.49,medium,low,10,namesilo,,,17/09/2026 05:25
c5fc0423-a3d2-4921-b40c-492022c8bb64,grandfathers.tax,available,14.99,67.49,medium,low,12,namesilo,,,20/09/2026 22:52
9b8430aa-f80a-4489-8628-ce8303eacff7,indictment.tax,available,14.99,67.49,medium,low,10,namesilo,,,23/09/2026 16:05
2f6991a5-31a2-44d4-914d-f1adf297544b,unwilling.tax,available,8.98,85.98,medium,low,9,namecheap,,,12/09/2026 22:40
54c9962d-e263-468d-b48f-c3d3578ea63a,dummy.tax,available,14.99,67.49,high,low,5,namesilo,,,24/09/2026 12:20
50637366-2888-410f-a047-0fa4916f4bd6,blest.tax,available,8.98,85.98,medium,low,5,namecheap,,,10/08/2026 14:15
a629c9d5-f332-46ed-ba9c-b14dd7b222a8,mortgaged.tax,available,8.98,85.98,medium,low,9,namecheap,,,25/08/2026 06:38
3ed765b0-f89c-4856-bbaf-f3faddcf7db1,improbable.tax,available,8.98,85.98,medium,low,10,namecheap,,,21/08/2026 23:07
63ed1b48-fbf4-443a-b4fa-29da0ce36a4f,chaldean.tax,available,8.98,85.98,medium,low,8,namecheap,,,12/08/2026 01:26
7c5d8a45-979e-4ad8-885a-85e45b7602f1,autologous.tax,available,8.98,85.98,medium,low,10,namecheap,,,07/08/2026 20:37
0386d687-6028-40c1-ac55-6e1554dc4aad,tempt.tax,available,14.99,92.99,high,low,5,name.com,,,18/09/2026 12:14
b87f867b-9056-44eb-bef5-d903635f44eb,akha.tax,available,14.99,67.49,medium,low,4,namesilo,,,17/09/2026 23:55
bc93b1da-952c-4f1b-99d4-538075ce0a0c,arafat.tax,available,14.99,67.49,medium,low,6,namesilo,,,19/09/2026 23:42
24358425-20b0-4006-b7e1-f02ced6a4a33,injury.tax,available,14.99,67.49,high,low,6,namesilo,,,25/09/2026 06:58
6bb5e44a-7515-4e52-8fcc-cc4d41fd48f4,stupid.tax,resell,,,high,low,6,"Xiamen ChinaSource Internet Service Co., Ltd",19/11/2025 15:15,19/11/2026 15:15,28/09/2026 01:43
fedef7b5-d5f9-41e8-96f5-47f02a645e03,outline.tax,available,14.99,67.49,high,low,7,namesilo,,,24/09/2026 23:45
dd97f16b-48b4-4ebd-9bce-e67002ca6b64,foul.tax,available,8.98,85.98,high,low,4,namecheap,,,
169bf70b-dc0d-4a44-8059-405e40e14625,perfection.tax,available,14.99,67.49,high,low,10,namesilo,,,22/09/2026 22:03
7b9eb459-5017-4b93-acfd-0a9b81f75bac,solferino.tax,available,14.99,67.49,medium,low,9,namesilo,,,22/09/2026 15:59
0ebcd532-a0ef-4036-a52a-d67a0af4e1d3,grayly.tax,available,8.98,85.98,low,low,6,namecheap,,,14/09/2026 22:14
a817c353-2f86-4feb-83a2-0e9f543646f3,familial.tax,available,8.98,85.98,high,low,8,namecheap,,,17/08/2026 21:41
40404cc9-9628-428f-9e2a-184ce6c22753,hamilton.tax,available,,,high,medium,8,,,,
6d7378c4-bcb9-401d-a91f-47df72b91bc3,aubrey.tax,available,14.99,67.49,high,low,6,namesilo,,,27/09/2026 07:41
29267f22-5176-4ccf-b81d-951f85c0e673,trying.tax,available,8.98,85.98,high,low,6,namecheap,,,03/09/2026 15:44
333ed42e-598f-428b-bd9c-59ddb6a6fe5b,progressive.tax,premium,854,854,high,low,11,namesilo,,,19/09/2026 14:06
25b0f7ce-d41b-4b6a-9abb-a345e18c4e5f,clouded.tax,available,8.98,85.98,medium,low,7,namecheap,,,12/08/2026 12:27
8fcb080b-23c0-47ce-9763-ea95b619eb79,gloria.tax,available,14.99,67.49,high,low,6,namesilo,,,27/09/2026 02:39
405296d3-b6b9-4954-8708-bfc83d20ed42,famished.tax,available,8.98,85.98,medium,low,8,namecheap,,,17/08/2026 13:41
668edca9-918f-4c99-be23-32208e5887a0,nihilist.tax,available,8.98,85.98,medium,low,8,namecheap,,,19/09/2026 02:26
1c03b3f6-64d6-443e-ae44-a41acf89d574,curtly.tax,available,8.98,85.98,medium,low,6,namecheap,,,14/09/2026 10:10
65bad85c-a45d-4a99-9996-e5e8507d7380,layman.tax,available,8.98,85.98,medium,low,6,namecheap,,,10/09/2026 01:24
0bc01ac5-8d1d-4e35-9ea8-ba4bff892924,generates.tax,available,8.98,85.98,medium,low,9,namecheap,,,08/09/2026 05:16
e0d23853-d9b9-4d7d-a241-2e5cef1b36c4,detour.tax,available,14.99,,high,low,6,name.com,,,
a77c9813-7432-4593-a952-63d76e545179,hop.tax,available,14.99,67.49,high,low,3,namesilo,,,25/09/2026 07:30
1518136f-302d-46a7-9a0e-5c22ae957f78,auburn.tax,available,14.99,67.49,high,low,6,namesilo,,,22/09/2026 12:02
bfcf7357-f9d1-4400-882f-6dd261b9d436,congolese.tax,premium,118.8,118.8,high,low,9,namesilo,,,12/08/2026 21:54
6e8f4428-393b-460a-95c0-fb2248ea2ea2,synonymous.tax,available,8.98,85.98,high,low,10,namecheap,,,11/09/2026 06:31
e29e0c78-7554-4e48-887c-db158858c938,berit.tax,available,14.99,67.49,high,low,5,namesilo,,,23/09/2026 09:27
0ed60789-8e58-4bab-a7ca-0029d8500b85,ridden.tax,available,14.99,,high,low,6,name.com,,,
d2963888-f4a8-4e9c-8676-3874968219c6,smashingly.tax,available,8.98,85.98,medium,low,10,namecheap,,,16/09/2026 02:49
e448069f-fbd5-4f05-935d-c875270bece5,existent.tax,available,8.98,85.98,medium,low,8,namecheap,,,
776e92a9-e385-4b0c-91e3-08fe117e99db,outclassed.tax,available,8.98,85.98,medium,low,10,namecheap,,,04/09/2026 19:12
5cfa6e0c-4bab-49f8-99b3-3c255a3f4faa,flood.tax,available,14.99,,high,low,5,name.com,,,
93fa0f73-ea18-4cb8-9ee6-3008c174f5e3,browser.tax,available,14.99,,high,low,7,name.com,,,
e4c45d03-9b3d-40b4-8916-0addc9b11cdf,curt.tax,available,8.98,85.98,medium,low,4,namecheap,,,11/08/2026 07:05
e64009a9-6228-4b9f-961c-8545997405fe,rama.tax,available,7.96,54.02,high,low,4,spaceship,,,27/09/2026 15:30
0a3407b0-22ed-4419-b42d-270a3e1d6e1e,riddled.tax,available,8.98,85.98,medium,low,7,namecheap,,,09/09/2026 17:19
cc49101d-49d1-4138-9c69-78aeb8e688b3,tangible.tax,available,8.98,85.98,high,low,8,namecheap,,,05/09/2026 00:10
5ec96bfd-c6f3-449e-93c4-9d6a4ff90dff,mottled.tax,available,14.99,92.99,medium,low,7,name.com,,,13/08/2026 17:41
33853afa-a373-405f-a492-5f3fc5b09802,nap.tax,available,14.99,67.49,high,low,3,namesilo,,,24/09/2026 13:06
8b0bae61-587e-440e-a7b5-104dcf213ca2,hassium.tax,available,8.98,85.98,medium,low,7,namecheap,,,20/09/2026 22:10
c48fc457-6439-4297-8031-b7aca156cfcf,mop.tax,available,14.99,,high,low,3,name.com,,,
cd50f2c2-b1c3-43c2-bd28-270706c57f72,comer.tax,available,14.99,67.49,medium,low,5,namesilo,,,20/09/2026 09:17
3d365b2c-4609-4199-93d8-93575e1eaa81,virgil.tax,available,52.2,52.2,high,low,6,cloudflare,,,28/09/2026 02:58
7212865d-75f8-4efc-b09d-b53a906c7444,buttoned.tax,available,8.98,85.98,medium,low,8,namecheap,,,11/08/2026 11:58
e1b796e2-21da-4ff4-961c-e3df2e822f9f,ventral.tax,available,8.98,85.98,high,low,7,namecheap,,,
64a49e05-4c4f-4247-95a7-4ffa36fe80f0,spreading.tax,available,8.98,85.98,medium,low,9,namecheap,,,10/09/2026 16:45
cb76c0eb-1d38-4aa5-934b-382efab594be,artisan.tax,available,8.98,85.98,high,low,7,namecheap,,,20/09/2026 11:51
92eece0a-261e-45da-9faa-c3fe481ce0d2,tart.tax,available,14.99,92.99,medium,low,4,name.com,,,13/08/2026 14:25
89c82b82-cca6-4578-ae16-493cf174a93e,implying.tax,available,14.99,,high,low,8,name.com,,,
0004b50e-0815-41ca-b3b4-e2a374c4d63d,ghent.tax,available,14.99,92.99,medium,low,5,name.com,,,27/09/2026 04:10
063c6130-c943-4497-80b7-f4553258f2b1,burnable.tax,available,8.98,85.98,medium,low,8,namecheap,,,11/08/2026 10:44
875125c6-cd67-410c-b15e-48d8b825c61c,alto.tax,available,8.98,85.98,high,low,4,namecheap,,,
07301ec6-b4fd-47f3-bbed-3d633666f8d7,reclusive.tax,available,8.98,85.98,medium,low,9,namecheap,,,09/09/2026 11:40
991dd19a-f1fd-4bca-8b45-e7eeb9462437,protester.tax,available,8.98,85.98,medium,low,9,namecheap,,,14/08/2026 12:41
91076377-2393-413a-91b6-a081b74b014a,whop.tax,available,14.99,67.49,high,low,4,namesilo,,,22/09/2026 10:29
64ccdbec-459b-4673-baf3-bc831d6a7643,estimation.tax,available,14.99,67.49,high,low,10,namesilo,,,19/09/2026 22:26
29da2018-2be0-4ea2-b5cd-79caa4ddc087,pealing.tax,available,14.99,67.49,medium,low,7,namesilo,,,19/09/2026 11:12
c7e523c4-4d12-418d-92d4-0d61fd38eaf3,affinal.tax,available,8.98,85.98,medium,low,7,namecheap,,,
dfe28f7e-9a49-422b-8f39-434ab71360a0,francois.tax,available,14.99,67.49,high,low,8,namesilo,,,27/09/2026 07:39
e658a7c1-ae28-44fb-a4d5-9a198cbcb7e2,disposable.tax,available,8.98,85.98,high,low,10,namecheap,,,14/08/2026 12:03
6295b602-8ac8-4556-b53e-81ca5b765998,illiterate.tax,available,8.98,85.98,medium,low,10,namecheap,,,21/08/2026 20:03
e283d060-6796-4f00-99f8-ea294f698580,bewilder.tax,available,14.99,67.49,high,low,8,namesilo,,,21/09/2026 17:30
cceec07c-a6d2-4f78-96af-e2d002af20a3,stinky.tax,available,8.98,85.98,high,low,6,namecheap,,,13/08/2026 05:18
878e7b8e-3b95-4ed0-b1e7-e023601d86ac,gothic.tax,available,8.98,85.98,high,low,6,namecheap,,,20/08/2026 17:17
b31ce61d-3048-489e-be9e-250b081f9b7d,alhazen.tax,available,14.99,67.49,medium,low,7,namesilo,,,18/09/2026 00:42
7ebb2a14-1375-4887-969d-e00f15ecdeac,avesta.tax,available,8.98,85.98,medium,low,6,namecheap,,,21/09/2026 09:22
4c8e5a24-6cbb-4a21-b234-fee5fc54a09b,miserly.tax,available,8.98,85.98,medium,low,7,namecheap,,,24/08/2026 23:45
609d54be-cc79-48cc-9c1b-24c2c127f291,catherine.tax,available,14.99,67.49,high,low,9,namesilo,,,25/09/2026 04:07
4247368c-27a7-4aa5-a5d3-1474a06aa7d8,valuable.tax,available,14.99,,high,low,8,name.com,,,
17274735-05e4-427b-be7f-3c82ed90fe8c,curry.tax,available,14.99,,high,low,5,name.com,,,
571b5ec2-eeb8-4343-81bf-3d6f266a2bb6,arhant.tax,available,14.99,67.49,medium,low,6,namesilo,,,20/09/2026 05:07
05ebcbeb-ee0f-49ab-93e2-141bf0dd6332,wilbur.tax,available,8.98,85.98,high,low,6,namecheap,,,27/09/2026 07:43
ba19379f-f44b-4c4c-b646-eccb9b213260,filled.tax,available,8.98,85.98,high,low,6,namecheap,,,24/09/2026 18:13
e5bcf9f3-1002-45ee-a071-d7435643c18e,logy.tax,available,8.98,85.98,medium,low,4,namecheap,,,18/08/2026 09:55
ecaafb37-93c7-48c8-8f42-43243ee17ded,really.tax,available,14.99,67.49,high,low,6,namesilo,,,27/09/2026 09:55
833d4a4f-67f4-4ee3-9206-1e3a04d837d3,nepali.tax,available,8.98,85.98,high,low,6,namecheap,,,03/09/2026 15:37
ad264147-c9c6-4783-9265-185797b2db9f,rustless.tax,available,8.98,85.98,medium,low,8,namecheap,,,09/09/2026 20:19
85fea123-10cc-4c45-8365-eec69e5397cf,ageing.tax,available,14.99,67.49,high,low,6,namesilo,,,21/09/2026 22:43
4e42198e-079a-4aab-a238-067d85675050,unitary.tax,available,8.98,85.98,high,low,7,namecheap,,,12/09/2026 13:58
1ee4dda4-bc4f-49f7-aee8-e6c85a7c8925,maidenly.tax,available,8.98,85.98,medium,low,8,namecheap,,,24/08/2026 13:14
aab7d9e0-d3aa-4c40-83f9-f149db67e995,webbed.tax,available,8.98,85.98,medium,low,6,namecheap,,,03/09/2026 16:04
4c71f714-9411-4435-ba6e-f5df5c577413,size.tax,available,7.96,54.02,high,low,4,spaceship,,,27/09/2026 22:17
8654f224-4449-4abc-a0b9-e37ca7f504b4,eulogistic.tax,available,8.98,85.98,medium,low,10,namecheap,,,16/08/2026 23:07
7c3f61f4-4581-452d-900d-a52fd277a5b1,feldman.tax,available,7.96,54.02,medium,low,7,spaceship,,,27/09/2026 20:17
f8bd9989-6ddb-4a7a-9ea0-8b2ce4fd94eb,giddy.tax,available,8.98,85.98,medium,low,5,namecheap,,,
c573e23a-47e5-4a02-bb71-4f6215a4c12e,miscellany.tax,available,8.98,85.98,medium,low,10,namecheap,,,25/08/2026 08:20
5ca4c2b5-e6e0-4a16-af97-d069a711757e,goofproof.tax,available,8.98,85.98,high,low,9,namecheap,,,18/08/2026 10:41
759acb6c-6a07-447f-9a5d-ba9fd6c5dab0,christie.tax,available,14.99,67.49,high,low,8,namesilo,,,17/09/2026 16:30
90461239-6db4-4436-a207-61ed3410456a,counterattack.tax,available,14.99,,medium,low,14,name.com,,,
2509e2c6-39a5-48da-8ea1-82e45abdaac6,headquarters.tax,available,8.98,85.98,high,low,12,namecheap,,,27/09/2026 02:02
6b8dabc4-1d37-4a54-afcf-7c36ef10f2f3,breadfruit.tax,available,14.99,67.49,high,low,10,namesilo,,,20/09/2026 11:57
3ba167c4-dd3c-4489-88e1-5486b39f4675,laughable.tax,available,14.99,67.49,high,low,9,namesilo,,,23/09/2026 15:25
3c6a321d-0ca4-42fa-9d3c-dbe6ad1b133b,hiemal.tax,available,8.98,85.98,medium,low,6,namecheap,,,11/08/2026 06:40
98d4c704-d4f2-4db7-b39b-b960a51a83cb,sentential.tax,available,8.98,85.98,medium,low,10,namecheap,,,10/09/2026 03:50
f7c2013a-4a76-4afe-9550-53e12f6d8caa,mistreated.tax,available,8.98,85.98,medium,low,10,namecheap,,,21/08/2026 19:35
870a4f23-8f6a-4507-96c7-33c0ac91b616,forgetting.tax,available,14.99,,high,low,10,name.com,,,
57d14b0d-7272-4239-ba8c-159670f19ce3,monthly.tax,available,8.98,85.98,high,low,7,namecheap,,,25/09/2026 21:36
1516b4c6-8739-4baa-8949-1e784876aa1e,booster.tax,available,14.99,67.49,high,low,7,namesilo,,,17/09/2026 08:57
c47a871a-a725-494a-9405-db50dc87c645,melody.tax,available,14.99,67.49,high,low,6,namesilo,,,28/09/2026 02:24
ea441ffc-ca0e-47fd-a897-064d7dec0a55,wastewater.tax,available,8.98,85.98,medium,low,10,namecheap,,,15/08/2026 15:34
3e1c9d0c-e742-4f2c-a6f1-1462cbd07e80,tinny.tax,available,8.98,85.98,medium,low,5,namecheap,,,11/08/2026 09:06
fb56e0da-5030-4711-873a-9fffaee86b9e,left.tax,available,8.98,85.98,high,low,4,namecheap,,,25/09/2026 13:25
5d5a090b-38bc-4f7a-8412-a1bf9fb256cf,centenary.tax,available,8.98,85.98,high,low,9,namecheap,,,11/08/2026 23:54
46fa61ba-af44-460a-8369-61de65dac32b,genes.tax,available,14.99,67.49,medium,low,5,namesilo,,,24/09/2026 10:46
cfb6a621-5029-4201-8e16-cc86a7b94338,marx.tax,available,14.99,67.49,high,low,4,namesilo,,,20/09/2026 11:00
713d046f-5fe0-4935-b9f4-196960c76038,adjustment.tax,available,8.98,85.98,high,low,10,namecheap,,,18/08/2026 05:52
4b69f10f-6332-4a3f-824c-da57a5d8f2e8,critique.tax,available,14.99,,high,low,8,name.com,,,
69d70d2e-189b-4e28-9626-70eacc9751e6,romeo.tax,available,8.98,85.98,high,low,5,namecheap,,,27/09/2026 05:10
9b7775ac-9f0f-4f39-b2a3-b6078ca08f32,spatially.tax,available,14.99,67.49,medium,low,9,namesilo,,,16/09/2026 05:56
c931c5be-03ee-4f69-9b77-449e672b091d,karachi.tax,available,8.24,55.86,medium,low,7,dynadot,,,28/09/2026 02:13
23461c1c-31bf-40f7-a763-964931adf5ee,fastest.tax,available,8.98,85.98,high,low,7,namecheap,,,14/09/2026 17:49
3a8cce4d-2769-499a-acaf-55b22eb58eb7,dwelling.tax,available,14.99,,high,low,8,name.com,,,
236fcd81-c758-4873-8609-bd217ba48272,zany.tax,available,8.98,85.98,high,low,4,namecheap,,,11/08/2026 08:04
7729b003-a85a-4578-9fca-ffc049541d20,arminius.tax,available,14.99,67.49,medium,low,8,namesilo,,,20/09/2026 07:08
e0af8cc2-6bf1-4610-9884-72a3f6889754,japanese.tax,premium,118.8,118.8,high,low,8,namesilo,,,22/08/2026 12:22
f1fe3da5-16ac-4d81-888a-e096be583a0b,lower.tax,resell,,,high,low,5,"Sav.com, LLC",19/02/2026 09:29,19/02/2027 09:29,26/09/2026 07:20
f6fecda0-deee-46df-844d-70ea907164b7,annona.tax,available,14.99,67.49,medium,low,6,namesilo,,,19/09/2026 10:30
97090a12-175c-481c-8778-e02d932b14e3,honey.tax,resell,,,high,medium,5,"Xiamen ChinaSource Internet Service Co., Ltd",10/02/2023 17:00,10/02/2027 17:00,26/09/2026 06:42
1b5015b4-707a-409a-acb8-a7f2585ddcab,squawky.tax,available,8.98,85.98,low,low,7,namecheap,,,11/08/2026 12:26
c9eb18e8-a522-4a51-8ad0-47686c4954e2,keenness.tax,available,14.99,67.49,high,low,8,namesilo,,,21/09/2026 09:30
e25963a7-469d-4ce5-b67f-74ab38280413,chamfer.tax,available,8.98,85.98,medium,low,7,namecheap,,,23/09/2026 12:00
6817da2c-ecd1-4f22-a265-0d0d936d596c,drippage.tax,available,8.98,85.98,medium,low,8,namecheap,,,14/09/2026 14:34
161034d6-cad7-426a-bfc6-ed47e7877e35,xiii.tax,available,14.99,67.49,high,low,4,namesilo,,,21/09/2026 11:34
57440f77-8b7c-4ee9-9534-72cc254a1afe,eatable.tax,available,8.98,85.98,medium,low,7,namecheap,,,12/08/2026 18:47
e2844cc5-7add-40c1-bcd4-bcf32b201b2e,offline.tax,available,8.98,85.98,high,medium,8,namecheap,,,04/09/2026 01:13
6fae94a0-4789-48bd-a561-9b05778d06a9,coalescent.tax,available,8.98,85.98,medium,low,10,namecheap,,,12/08/2026 13:51
bc7fa1da-3bbc-4380-b2d0-5133825a7327,ackee.tax,available,8.98,85.98,medium,low,5,namecheap,,,17/09/2026 01:52
7e570beb-ecaf-4bef-b84e-f6ec1669be41,vandyke.tax,available,14.99,67.49,medium,low,7,namesilo,,,19/09/2026 13:44
40f92c7f-7d00-4d7f-8130-45ae072b287c,unalike.tax,available,8.98,85.98,medium,low,7,namecheap,,,12/09/2026 00:26
659e70fc-1b8b-40c5-9c20-4616bbd6633b,silences.tax,available,8.98,85.98,low,low,8,namecheap,,,21/09/2026 10:16
f59d7e7d-41b3-48a7-a6e7-e772381797b2,curled.tax,available,8.98,85.98,medium,low,6,namecheap,,,13/08/2026 11:19
c679b17d-800c-4ab9-a674-63d60e9f230f,visceral.tax,available,8.98,85.98,medium,low,8,namecheap,,,10/09/2026 16:02
5fd6873c-ad87-4f5d-84f9-a0bf06b377fc,adjective.tax,available,8.98,85.98,high,low,9,namecheap,,,
93a320f3-dd97-4983-8d26-5ae28c0b7a03,harriman.tax,available,14.99,67.49,medium,low,8,namesilo,,,21/09/2026 09:11
3a7e431a-a85c-4d0e-843a-921c868bcbe0,singapore.tax,available,,,high,high,9,,,,
e913c03a-4ba5-48c7-a27f-608cde6fd47b,fogged.tax,available,8.98,85.98,medium,low,6,namecheap,,,18/08/2026 09:51
2caab251-edf8-4038-bc53-1d15f7f0e26a,gooey.tax,available,8.98,85.98,medium,low,5,namecheap,,,20/08/2026 16:53
bd0c7675-6752-4b7c-8e47-5ae274eb2c91,coolly.tax,available,14.99,,medium,low,6,name.com,,,
34bc61f8-fb8a-417f-9cf5-45de0eaa4130,polytonal.tax,available,8.98,85.98,medium,low,9,namecheap,,,08/09/2026 23:33
3d80f436-6fd5-4e5d-81fa-6e3ed4be26e0,rotary.tax,available,8.98,85.98,high,low,6,namecheap,,,04/09/2026 17:37
eb27eef0-264e-42b8-ae51-1f1931dbea09,cochrane.tax,available,14.99,67.49,medium,low,8,namesilo,,,27/09/2026 01:53
a7de41b3-023c-45cc-a54c-ef1c91a5be7c,flowerbed.tax,available,14.99,67.49,high,low,9,namesilo,,,22/09/2026 22:58
4b3b33e6-2b6b-4eb8-8232-02cdf66e2eab,acervulus.tax,available,14.99,67.49,medium,low,9,namesilo,,,16/09/2026 23:44
e97c43aa-027e-4884-bef9-bdf531c8f276,averroes.tax,available,8.98,85.98,medium,low,8,namecheap,,,16/09/2026 18:56
5408a21f-fe9a-4f34-9cc3-5e5a27d9e2a2,gesture.tax,available,8.24,54.07,high,low,7,porkbun,,,27/09/2026 13:44
ea887cf3-884d-4fa9-ad8f-3c9d70cc6979,momentous.tax,available,8.98,85.98,high,low,9,namecheap,,,25/08/2026 03:59
85baf423-93ac-4870-84e9-39713d71d84c,humanity.tax,available,14.99,,high,low,8,name.com,,,
b22dadf1-7c64-4c1f-ad26-ec5e9b69a17b,blunted.tax,available,8.98,85.98,medium,low,7,namecheap,,,10/08/2026 16:17
110e3c33-f79b-42de-8d2f-c3bc05ba5242,dementia.tax,available,14.99,67.49,high,low,8,namesilo,,,24/09/2026 21:47
a672c028-3273-4fa0-94d4-73ac09926ca8,sunken.tax,available,8.98,85.98,medium,low,6,namecheap,,,13/08/2026 22:55
df37e593-b91c-41d9-9de2-9fd251507604,histrionic.tax,available,8.98,85.98,medium,low,10,namecheap,,,21/08/2026 09:57
6ad17577-66c0-4564-8eba-2e9c12635267,printers.tax,available,8.98,85.98,medium,low,8,namecheap,,,21/09/2026 00:30
3b7b8a2d-b768-4d62-8c51-dbadb831f437,watt.tax,available,14.99,,high,low,4,name.com,,,
0f8f2421-ee3c-41f9-93aa-ead181eb7143,confirmed.tax,available,8.98,85.98,high,low,9,namecheap,,,23/09/2026 19:53
b32636a7-9e4b-47be-ab1f-d4739053e775,dyke.tax,available,8.98,85.98,medium,low,4,namecheap,,,11/08/2026 11:35
49afd440-55a8-4503-a2ea-43a475d71248,concerted.tax,available,8.98,85.98,high,low,9,namecheap,,,12/08/2026 20:06
453b869d-7660-47f3-8723-bcc8b5692444,prior.tax,available,14.99,67.49,high,low,5,namesilo,,,27/09/2026 06:07
6fcd304b-6aeb-4d16-97a5-d97bed6a781b,retained.tax,available,8.24,55.86,high,low,8,dynadot,,,27/09/2026 13:05
c8106765-997b-445a-b56a-7624d656a6b5,bruise.tax,available,14.99,,high,low,6,name.com,,,
60c8af10-a83e-413d-ac88-1c2f5006943c,mouthcare.tax,available,14.99,,medium,low,9,name.com,,,
1c7ef881-3966-49cf-ae55-da06436bf41b,victorian.tax,available,14.99,67.49,high,low,9,namesilo,,,27/09/2026 05:38
960dbafc-1b0f-4d6f-bf2f-5ddba1452266,adorer.tax,available,14.99,67.49,medium,low,6,namesilo,,,17/09/2026 09:45
b9712d0e-2595-442f-b1d0-d78ada911987,advisee.tax,available,8.98,85.98,medium,low,7,namecheap,,,17/09/2026 11:34
360a9b11-2a04-4280-89ac-aa2bf16862ef,hemal.tax,available,8.98,85.98,medium,low,5,namecheap,,,20/08/2026 21:41
5f64bdba-42a6-441d-8f44-a917e89e6d0a,ski.tax,premium,85.8,85.8,high,low,3,namecheap,,,27/09/2026 05:28
c5088744-0df0-4de8-81b1-891d8e1b19c6,quickest.tax,available,8.98,85.98,medium,low,8,namecheap,,,14/09/2026 17:48
88ae1f51-5368-4051-a3a4-ba304de1daec,anseres.tax,available,14.99,67.49,medium,low,7,namesilo,,,19/09/2026 12:08
c8e71bee-e2d6-4924-9e81-4b2d17a250b6,washup.tax,available,8.98,85.98,medium,low,6,namecheap,,,24/09/2026 22:42
46316630-1a90-4fa7-8466-307a09b91801,lodged.tax,available,14.99,67.49,medium,low,6,namesilo,,,18/09/2026 14:44
014a569f-81cf-49e7-9beb-c3eedfc46fe3,aluminous.tax,available,8.98,85.98,medium,low,9,namecheap,,,
3eac286a-b367-466a-a72d-2b97d98a996c,inst.tax,available,8.98,85.98,high,low,4,namecheap,,,22/08/2026 07:26
5c88c385-8298-47ca-916c-0e98ab3e40f4,raffish.tax,available,14.99,92.99,medium,low,7,name.com,,,13/08/2026 17:31
a67726e1-4fb7-47f8-8ece-c5c435775a6e,operatic.tax,available,8.98,85.98,medium,low,8,namecheap,,,04/09/2026 16:24
e549326b-5bd1-40f4-9266-971fa79576d4,resister.tax,available,14.99,67.49,medium,low,8,namesilo,,,17/09/2026 10:48
7c5a4a69-b5fa-478b-a069-18b0362c5e66,streaked.tax,available,8.98,85.98,medium,low,8,namecheap,,,10/09/2026 22:16
e382b8c3-4034-4288-9236-13f729113f2e,undyed.tax,available,8.98,85.98,medium,low,6,namecheap,,,12/09/2026 02:08
cecf4ac0-ef8e-4d11-b488-75d7e843955e,cetaceous.tax,available,8.98,85.98,medium,low,9,namecheap,,,12/08/2026 01:04
cbfbf947-c345-4a59-b8d7-5e617cd1363a,tasked.tax,available,14.99,67.49,medium,low,6,namesilo,,,20/09/2026 17:24
068d0623-8e85-45fb-9623-d1a2846fab89,stick.tax,available,14.99,,high,low,5,name.com,,,
6183b1ba-0487-4e9d-9dae-f9e9be99737d,clack.tax,available,14.99,67.49,medium,low,5,namesilo,,,23/09/2026 23:30
3dde63da-7d96-42c6-b463-c5ed192a0201,leathery.tax,available,8.98,85.98,medium,low,8,namecheap,,,13/08/2026 01:13
8b5b4bca-8234-4900-aeda-2d7552980464,small.tax,resell,,,high,low,5,"DNSPod, Inc.",20/02/2022 13:15,20/02/2027 13:15,26/09/2026 09:05
231da07b-c4ba-4a22-906c-8d120a456cae,emulator.tax,available,14.99,67.49,high,low,8,namesilo,,,19/09/2026 16:28
c27caeb1-2f1a-4fcd-ad0e-6868c54c8bd0,ado.tax,available,8.98,85.98,high,low,3,namecheap,,,17/09/2026 09:17
232084c7-12bc-47e9-a50b-3412094aaaf1,apollo.tax,resell,,,high,medium,6,"DNSPod, Inc.",07/02/2022 01:59,07/02/2028 01:59,26/09/2026 03:56
f8a1fa04-7836-45fa-a15b-409da44043ff,touching.tax,available,8.98,85.98,high,low,8,namecheap,,,
ffdcea01-3c31-4562-88a7-d6943271313a,lumber.tax,available,14.99,67.49,high,low,6,namesilo,,,22/09/2026 10:02
5aa149d6-da97-4d38-818e-6e17c70f3bd4,deed.tax,available,13.5,,high,low,4,unstoppable,,,28/09/2026 01:46
83d361ae-54ac-4835-879b-40f7799003c4,tantric.tax,available,8.98,85.98,high,low,7,namecheap,,,11/09/2026 08:05
484bdb3a-b842-4544-9a33-07a8b4fbe3a0,daydream.tax,available,8.98,85.98,high,low,8,namecheap,,,17/09/2026 22:00
4c26eccb-4fe1-43c3-b721-e9d40e592fb4,current.tax,available,8.98,85.98,high,low,7,namecheap,,,13/08/2026 11:26
1d3f41ed-f2e2-4a6d-869d-65ed632cb5e7,fear.tax,available,14.99,67.49,high,low,4,namesilo,,,24/09/2026 12:06
ccb881c3-e836-4cd2-86cc-0e6257cea85d,believable.tax,available,8.98,85.98,high,low,10,namecheap,,,09/08/2026 13:01
9ebdca3d-e08f-4993-b8ba-422c2b08bca5,named.tax,available,14.99,,high,low,5,name.com,,,
fa6adbcb-4ac8-47f9-b741-76478e40406c,anagoge.tax,available,14.99,67.49,medium,low,7,namesilo,,,19/09/2026 01:27
1b1b3848-21da-497b-904a-b1a6a5576371,nevus.tax,available,8.98,85.98,medium,low,5,namecheap,,,23/09/2026 21:15
d40a252a-e270-418d-8df2-697fae336a2a,bright.tax,resell,,,high,medium,6,"Chengdu West Dimension Digital Technology Co., Ltd.",23/03/2020 11:35,23/03/2027 11:35,26/09/2026 04:37
d40217ee-f97f-4b06-8f40-909bcbd80829,apologue.tax,available,14.99,67.49,medium,low,8,namesilo,,,18/09/2026 10:43
05c37345-810e-439d-9746-61d1fbc7691c,finespun.tax,available,8.98,85.98,medium,low,8,namecheap,,,18/08/2026 04:51
d9e49362-b2cd-4bd8-9017-00ac1c96f66d,endless.tax,available,14.99,92.99,high,low,7,name.com,,,13/08/2026 18:44
3f632e71-7234-4b30-ac22-995027c669d5,grandpa.tax,available,14.99,,high,low,7,name.com,,,
1703765c-490e-4bf0-a3c6-581229ab785d,dawning.tax,available,8.98,85.98,high,low,7,namecheap,,,11/09/2026 02:03
81cdf221-28d2-4e29-8cc4-c3fcae955faa,racehorse.tax,available,8.98,85.98,high,low,9,namecheap,,,22/09/2026 01:58
b62309da-f2f3-4bb8-a9c5-26f1798fcfe8,sickness.tax,available,14.99,67.49,high,low,8,namesilo,,,27/09/2026 04:31
ff4d0df2-e7f4-4d0f-be4d-ce61515525ad,investments.tax,premium,242,242,high,low,11,namesilo,,,
37c36461-764e-45f9-bf9e-39efb6fb6eac,flat.tax,resell,,,high,low,4,"GoDaddy.com, LLC",28/08/2015 18:58,28/08/2027 18:58,26/09/2026 06:07
9f805c41-e8e2-4a63-8fca-c91f7fa138b5,arno.tax,available,8.98,85.98,high,low,4,namecheap,,,20/09/2026 08:12
c8222197-490e-4906-8bf1-915c6673f6ec,opportunity.tax,premium,242,242,high,low,11,namesilo,,,27/09/2026 02:17
7f494c93-5222-4256-99a5-7c15ae38fc35,kirk.tax,available,14.99,67.49,high,low,4,namesilo,,,25/09/2026 08:51
4bfcb093-c0bc-43c1-8862-b9a2c30f79da,madwort.tax,available,14.99,67.49,medium,low,7,namesilo,,,18/09/2026 15:25
8f31056d-731b-4441-b434-dd38e0d8a9fb,epicurean.tax,available,8.98,85.98,high,low,9,namecheap,,,17/08/2026 10:40
eea2770f-494e-43ea-8eb1-6822af2829d5,strasbourg.tax,available,7.96,54.02,medium,low,10,spaceship,,,27/09/2026 15:59
15ae7a2a-9838-4bd8-bc37-17b80825d46b,olden.tax,available,8.98,85.98,medium,low,5,namecheap,,,04/09/2026 02:02
5e27d149-7b23-4440-b7f0-3eda1a696009,creativity.tax,available,8.98,85.98,high,low,10,namecheap,,,24/09/2026 19:19
35c5bfe9-2334-4906-a4c5-9ff34a65edeb,passports.tax,available,14.99,67.49,medium,low,9,namesilo,,,20/09/2026 09:52
d52c3263-1cc7-4cc6-a60d-fcd2190d13f9,workable.tax,available,8.98,85.98,high,low,8,namecheap,,,17/08/2026 16:53
b7b7606c-a9dc-43d0-89c9-31b79d1822c7,frightened.tax,available,8.98,85.98,medium,low,10,namecheap,,,18/08/2026 15:37
79f7c83a-eab2-468e-8815-cbcffa805e95,supply.tax,premium,242,242,high,low,6,namesilo,,,23/09/2026 09:08
4b0911e3-0645-498e-a87d-dcbf20798f4a,topical.tax,available,8.98,85.98,high,low,7,namecheap,,,11/09/2026 17:42
ad68767b-1aa7-4b54-9872-34612d10eb88,abilene.tax,available,14.99,67.49,high,low,7,namesilo,,,16/09/2026 15:54
2ea5421a-2f2a-41a6-81db-8e534febc774,crumb.tax,available,8.98,85.98,medium,low,5,namecheap,,,11/08/2026 09:20
6733b7ee-54a5-4407-a4d3-506fc65a3220,pigs.tax,available,14.99,67.49,high,low,4,namesilo,,,25/09/2026 15:51
1e1926db-3ad9-4a19-8b1e-b78eee7e54cc,balthasar.tax,available,14.99,67.49,high,low,9,namesilo,,,22/09/2026 00:15
fab06db7-abcf-4d83-8473-007abab15e7e,equid.tax,available,8.98,85.98,medium,low,5,namecheap,,,17/08/2026 11:47
09bf91c7-15e2-495e-a863-9a3d5a8a4102,slavery.tax,available,8.98,85.98,high,low,7,namecheap,,,10/09/2026 10:30
970164eb-e722-44a9-b2fb-0982dbdbd79e,reflex.tax,available,14.99,67.49,high,low,6,namesilo,,,27/09/2026 11:10
4e490396-e232-4679-ba9d-7f755b141228,audacity.tax,available,14.99,67.49,high,low,8,namesilo,,,21/09/2026 02:47
bb54ae71-7082-4bd0-a7d3-af769b4ec43e,broad.tax,available,14.99,67.49,high,low,5,namesilo,,,19/09/2026 06:03
e6b71ae2-b9d3-49af-96c0-c542cb5de049,upwind.tax,available,8.98,85.98,high,low,6,namecheap,,,22/08/2026 22:35
22dd5b5d-1e98-41d4-9f15-b1c498d10d78,suspended.tax,available,8.98,85.98,medium,low,9,namecheap,,,11/09/2026 04:55
cbbe9d14-0433-4f7c-aaf2-3d79e58e6839,ara.tax,available,14.99,67.49,high,low,3,namesilo,,,19/09/2026 23:23
e41de0ef-797b-4572-8097-01dc50ade9b4,vermilion.tax,available,8.98,85.98,high,low,9,namecheap,,,12/08/2026 05:45
5fde4b20-f036-4dc0-8df3-d5005dcf034d,benzene.tax,available,14.99,67.49,high,low,7,namesilo,,,23/09/2026 08:52
ce5005c6-5c32-4b88-948f-f1ebb70f01a9,atrip.tax,available,8.98,85.98,low,low,5,namecheap,,,07/08/2026 14:33
841529cb-a47e-4871-b843-cc5ba9f99910,alliaceous.tax,available,8.98,85.98,medium,low,10,namecheap,,,
0040bb6d-42ff-4bd9-9c40-b91d42095f02,pout.tax,available,8.98,85.98,medium,low,4,namecheap,,,18/09/2026 18:12
cf9f4763-f9ca-4166-b537-b7b3ffafc22d,chill.tax,available,14.99,67.49,high,low,5,namesilo,,,23/09/2026 23:04
3ff9b018-8f67-463b-b50e-6fed058a8643,ageratina.tax,available,14.99,67.49,medium,low,9,namesilo,,,17/09/2026 17:21
66371980-2493-473c-a289-ab064f2bec7f,mistaken.tax,available,8.98,85.98,medium,low,8,namecheap,,,25/08/2026 01:52
fc14c59c-a800-47c2-864e-2323d8cb3567,slavish.tax,available,8.98,85.98,medium,low,7,namecheap,,,10/09/2026 10:38
4177e39d-015c-46b2-bcb4-c525d7a03d24,reality.tax,resell,,,high,low,7,"DNSPod, Inc.",22/05/2023 15:15,22/05/2027 15:15,26/09/2026 08:31
3ad648f0-30b4-4eff-9b54-98a342b11a48,fuscous.tax,available,8.98,85.98,medium,low,7,namecheap,,,18/08/2026 19:02
c2d06ce4-bc72-401f-9607-7fcadf74e93b,requested.tax,available,52.2,52.2,high,low,9,cloudflare,,,27/09/2026 12:02
de7d17c2-d980-498e-b78d-12e4c9320c5b,novel.tax,available,8.98,85.98,high,low,5,namecheap,,,03/09/2026 22:19
0587de4a-c262-408a-9a00-d23bf091b4d0,pseud.tax,available,8.98,85.98,medium,low,5,namecheap,,,09/09/2026 05:04
27fadf89-0f8f-4707-94f7-a5d0f675d9ab,bier.tax,available,14.99,67.49,medium,low,4,namesilo,,,23/09/2026 13:47
edf44723-72c7-4c6d-af17-bb629ad84208,tamable.tax,available,8.98,85.98,medium,low,7,namecheap,,,11/09/2026 07:36
459fd441-7c21-4480-8257-ac4442ff96e9,georges.tax,available,14.99,67.49,medium,low,7,namesilo,,,25/09/2026 15:05
136481c5-3c8e-4d6e-8d28-6b73b522e684,impromptu.tax,available,8.98,85.98,high,low,9,namecheap,,,
45e6f42d-867a-4897-8548-b53224a7a97d,autogiro.tax,available,14.99,67.49,medium,low,8,namesilo,,,21/09/2026 06:22
f30c876c-e120-4f7c-8cc9-5b9a621f2110,aloneness.tax,available,8.98,85.98,medium,low,9,namecheap,,,18/09/2026 13:12
a95f160d-3d3f-4a11-84cb-a492df8e501b,hyoid.tax,available,8.98,85.98,medium,low,5,namecheap,,,21/08/2026 16:35
f5b327b4-4eaf-4ad6-983c-0b41fd90e145,nuke.tax,available,14.99,67.49,high,low,4,namesilo,,,21/09/2026 00:16
0816bc69-d8d8-4015-820a-1d86eec7360a,crap.tax,available,14.99,,medium,low,4,name.com,,,
8780ace7-d999-408d-8aeb-7e755bea34f9,spend.tax,resell,14.99,,high,low,5,"Spaceship, Inc.",27/03/2026 07:59,27/03/2027 07:59,26/09/2026 09:12
020bb298-7643-4060-8a60-038294230877,yogi.tax,available,14.99,67.49,high,low,4,namesilo,,,23/09/2026 10:04
4d81b4b0-3c06-446b-b565-d0111660ab2a,ingredients.tax,available,14.99,,medium,low,11,name.com,,,
1906937d-cbaa-4fa3-addf-3ddf69e1172c,artemia.tax,available,14.99,67.49,medium,low,7,namesilo,,,20/09/2026 10:09
d33148ae-cce0-4593-8acf-13909b498375,bassoon.tax,available,14.99,67.49,medium,low,7,namesilo,,,22/09/2026 12:33
da990101-0ed9-469a-a28b-cefce43c483b,acer.tax,available,14.99,67.49,high,low,4,namesilo,,,16/09/2026 23:32
68873b6a-341b-480d-a81f-47fd8b75cde4,democracy.tax,available,14.99,,high,low,9,name.com,,,
46e02353-b0bc-449b-8a7f-967328f43533,thinkable.tax,available,8.98,85.98,high,low,9,namecheap,,,11/09/2026 13:28
fec31153-1150-4a15-8c35-e033c0d67f29,princely.tax,available,8.98,85.98,high,low,8,namecheap,,,14/08/2026 01:00
5609450b-eea2-436b-9493-c67f0adb3656,gail.tax,available,14.99,,high,low,4,name.com,,,
68b4befa-3e23-426c-83b1-29eb9138d21e,dedicate.tax,available,14.99,,high,low,8,name.com,,,
47172860-35ec-4e8b-837f-02f9d130f218,holler.tax,available,14.99,67.49,high,low,6,namesilo,,,23/09/2026 00:27
5827eeca-43a2-43d9-a2de-6b88eea37f80,rudimentary.tax,available,14.99,,high,low,11,name.com,,,
ac5f7ac4-1284-4c81-9e53-c387b0085697,clipboards.tax,available,14.99,92.99,medium,low,10,name.com,,,20/09/2026 11:59
b62435da-4f54-4ed1-b2ab-ec9bbaa1db5e,bulge.tax,available,8.98,85.98,high,low,5,namecheap,,,08/09/2026 23:47
52810536-1157-4d90-b5c7-05b9d85db3b0,somehow.tax,available,14.99,,high,low,7,name.com,,,
8c9cd8b4-feeb-430e-934a-4886eeda1192,lissom.tax,available,8.98,85.98,medium,low,6,namecheap,,,23/08/2026 23:41
19ee6842-07a0-4ce3-88fa-86b68bc2f8a1,pervert.tax,available,8.98,85.98,medium,low,7,namecheap,,,23/09/2026 23:54
b8bf1fd7-7f04-41a5-991e-84178a35b9b4,nonplus.tax,available,14.99,92.99,medium,low,7,name.com,,,21/09/2026 17:34
84b60458-7b9a-447e-8e49-909df325546b,hui.tax,available,14.99,67.49,high,low,3,namesilo,,,27/09/2026 07:46
93aeb19b-d4f4-4ae5-9982-1f8055516a0b,gloved.tax,available,8.98,85.98,medium,low,6,namecheap,,,20/08/2026 14:52
52d6d84c-7bd4-498f-a809-de195220f92b,monestrous.tax,available,8.98,85.98,low,low,10,namecheap,,,25/08/2026 04:32
3c798924-c87d-400a-a79f-f301282ce826,bidding.tax,available,14.99,67.49,high,low,7,namesilo,,,23/09/2026 13:29
3a4ad911-fd0e-40ac-9c24-8a8f491581d9,anthemis.tax,available,14.99,67.49,medium,low,8,namesilo,,,19/09/2026 12:57
ac2b7e27-ff36-4379-8730-67f52de2cc5c,couch.tax,available,8.98,85.98,high,low,5,namecheap,,,24/09/2026 18:35
a8db38de-78c1-4432-994e-fd45501049c9,fortified.tax,available,8.98,85.98,high,low,9,namecheap,,,09/08/2026 00:17
05c11a31-ba38-4f10-ae12-865fdff5816d,welcoming.tax,available,8.98,85.98,high,low,9,namecheap,,,13/09/2026 10:14
5bf300af-43d8-4012-abb4-cb7a50aed821,drifting.tax,available,8.98,85.98,high,low,8,namecheap,,,14/08/2026 19:13
57792c6a-2f25-4f9c-8bb3-da035a141923,annelidan.tax,available,8.98,85.98,medium,low,9,namecheap,,,
3c3fefb6-4ae8-404a-af28-39f2f6394bf9,links.tax,available,,,high,low,5,,,,
ff86b0d3-b1fc-41b2-bc10-bec4fd822db8,island.tax,premium,118.8,118.8,high,low,6,namesilo,,,
caaaa6e9-fb34-4448-8276-84e6a69500b8,stamp.tax,premium,118.8,118.8,high,low,5,namesilo,,,23/09/2026 01:04
afec34d0-8e0f-4c32-a492-cfc300e04a40,stemmed.tax,available,8.98,85.98,medium,low,7,namecheap,,,11/08/2026 22:33
e2634b11-aaac-454c-ac18-d616719a70e8,daunting.tax,available,14.99,92.99,medium,low,8,name.com,,,13/08/2026 18:48
d863b013-2a10-4ec1-b1a6-46950e025527,thereof.tax,available,14.99,67.49,medium,low,7,namesilo,,,16/09/2026 08:41
b06b474d-3a5f-46b9-81cd-63131f960908,mesic.tax,available,8.98,85.98,medium,low,5,namecheap,,,24/08/2026 21:11
bb2a3d14-921f-4f16-bc64-3d6da4dc82f3,designs.tax,available,14.99,67.49,high,low,7,namesilo,,,28/09/2026 04:06
01517183-3df6-4c9b-b953-af1f38e73095,coefficient.tax,available,14.99,,high,low,11,name.com,,,
b4faf532-4cce-449f-a79f-5032b41a3cc6,covert.tax,available,14.99,67.49,high,low,6,namesilo,,,24/09/2026 00:53
525d098c-afb3-46d4-8512-a6b2b35f5e85,lanky.tax,available,8.98,85.98,medium,low,5,namecheap,,,18/08/2026 20:11
3e802d5d-6f96-4c17-8b05-65c433481a34,ante.tax,available,14.99,67.49,medium,low,4,namesilo,,,19/09/2026 12:39
8ed1474f-252e-440b-80de-09db754dc94c,distinctly.tax,available,8.98,85.98,medium,low,10,namecheap,,,14/09/2026 13:19
731f6263-36b7-4c68-a535-098ec1e19ba6,alarmed.tax,available,8.98,85.98,medium,low,7,namecheap,,,
c9fb9d3e-2813-423d-b725-58438fad2a25,provide.tax,available,14.99,,high,low,7,name.com,,,
9a05ec1d-9f0a-475e-a8ac-4068bb100365,cushion.tax,available,8.98,85.98,high,low,7,namecheap,,,24/09/2026 20:36
a09a8972-7a3c-41c5-b0c9-1d0f3a4a4df1,pickings.tax,available,8.98,85.98,medium,low,8,namecheap,,,11/09/2026 07:21
150dce8d-c52a-403c-9928-9c542bf9b186,feudal.tax,available,8.98,85.98,medium,low,6,namecheap,,,18/08/2026 02:58
48e3bf6a-068d-438f-b5a5-14600c9a353b,mcc.tax,available,8.24,55.86,high,low,3,dynadot,,,27/09/2026 20:35
a5350e8f-dc5f-496c-8717-46be61cdcdf0,diverted.tax,available,8.98,85.98,medium,low,8,namecheap,,,
b91d3eaf-e2da-4250-a277-ca7792911d82,indecisive.tax,available,8.98,85.98,medium,low,10,namecheap,,,22/08/2026 02:27
5f91b732-d6c7-4297-bba1-4684add2c6fe,verifying.tax,available,8.98,85.98,high,low,9,namecheap,,,12/08/2026 20:56
4378c5b9-bf7d-4ab9-b15e-e26ca65567cb,hyperfine.tax,available,8.98,85.98,medium,low,9,namecheap,,,21/08/2026 16:48
9dd4412c-cde8-49d1-ba5e-aa2868fd6b37,bengal.tax,available,14.99,67.49,high,low,6,namesilo,,,23/09/2026 07:59
226827da-9ee6-4516-b2c5-1d84c48cc579,wrinkled.tax,available,8.98,85.98,medium,low,8,namecheap,,,12/09/2026 13:50
b914d75c-a8e9-465a-bac0-c8bf25573a32,racy.tax,available,8.98,85.98,medium,low,4,namecheap,,,18/08/2026 18:00
fd97d31e-565a-42fe-8148-57a2ce493dae,webmasters.tax,available,14.99,67.49,medium,low,10,namesilo,,,18/09/2026 23:06
c8cbd771-0146-4c84-a129-cb8008c57709,redial.tax,available,8.98,85.98,high,low,6,namecheap,,,16/09/2026 12:47
e37fdc1e-0be4-404e-9622-851c88240301,mislabeled.tax,available,8.98,85.98,medium,low,10,namecheap,,,25/08/2026 01:21
cc469326-75a9-4993-bcbe-10ea878cdf4a,avocado.tax,available,14.99,92.99,high,low,7,name.com,,,22/09/2026 14:34
10206b5f-b8a2-435c-8b17-ad2030ece606,keyed.tax,available,8.98,85.98,medium,low,5,namecheap,,,22/08/2026 15:42
852500da-cb8e-42b6-a599-17fa972e3751,notorious.tax,available,8.98,85.98,high,low,9,namecheap,,,21/08/2026 19:05
76a10465-a55d-4f1b-8a84-5a0b0780a826,bated.tax,available,8.98,85.98,medium,low,5,namecheap,,,09/08/2026 00:22
cce16d8e-f0e4-45cd-9c2c-f868c456d2c0,abettor.tax,available,14.99,67.49,medium,low,7,namesilo,,,16/09/2026 15:19
b989255b-fab6-4cae-a9a3-6d0bd340d005,despicable.tax,available,8.98,85.98,medium,low,10,namecheap,,,14/08/2026 04:00
e2c3e677-b580-49da-85aa-09a54fa76018,cottage.tax,available,8.98,85.98,high,low,7,namecheap,,,24/09/2026 11:16
9f3bdc87-5252-4a63-a916-9689db2447db,scarey.tax,available,8.98,85.98,medium,low,6,namecheap,,,12/08/2026 05:21
b51196bf-4e86-4ddb-8ac6-6c0a33c20d8d,unfeigned.tax,available,8.98,85.98,medium,low,9,namecheap,,,12/09/2026 10:06
d3fd29cd-0804-44d7-b905-3a6b85b2c069,barred.tax,available,8.98,85.98,medium,low,6,namecheap,,,08/08/2026 20:37
0d1b4ea8-2149-4e65-8b5c-e99b69609cb2,coccoid.tax,available,8.98,85.98,medium,low,7,namecheap,,,12/08/2026 14:41
807b3c26-a572-49c9-9f36-b98d8a307c3b,dreamed.tax,available,8.24,55.86,medium,low,7,dynadot,,,27/09/2026 21:44
a9cdeb0b-cf9c-495e-9f36-822c870a7186,penumbral.tax,available,8.98,85.98,medium,low,9,namecheap,,,08/09/2026 15:25
be2a7b5a-fe0e-4648-ac1f-2b449eb8daf0,grindle.tax,available,8.98,85.98,medium,low,7,namecheap,,,18/09/2026 21:21
b7820be9-4418-45a4-9c81-b08495fc1b07,practices.tax,available,8.98,85.98,medium,low,9,namecheap,,,16/09/2026 19:21
565bb59b-7126-43b0-ba31-eb006a74aa53,demands.tax,available,14.99,67.49,low,low,7,namesilo,,,27/09/2026 10:52
5b3e7073-23b0-420f-9a82-96169d971202,syndrome.tax,available,14.99,,medium,low,8,name.com,,,
c49929c3-59a6-47f9-9a86-a471804010af,experience.tax,available,14.99,,high,low,10,name.com,,,
c8b26299-96dd-46fd-89ed-22b8df218731,needy.tax,available,8.98,85.98,medium,low,5,namecheap,,,24/09/2026 06:57
4d752108-03c6-402d-a062-0f7b816bbacc,despot.tax,available,14.99,67.49,medium,low,6,namesilo,,,21/09/2026 06:11
f7c87ba6-bedc-4f67-aebe-f3d49f9d07aa,announcer.tax,available,14.99,67.49,high,low,9,namesilo,,,19/09/2026 10:49
ed4e6433-c2cd-43d8-a54a-b4ac5ade9ee4,downgrade.tax,available,14.99,67.49,medium,low,9,namesilo,,,24/09/2026 23:39
a9b61fd0-d498-451b-a26f-da8ff0a309ab,discoverer.tax,available,14.99,67.49,high,low,10,namesilo,,,20/09/2026 11:37
7a2bd5c0-0e96-484b-8be9-3848c8a31a71,foppish.tax,available,14.99,92.99,medium,low,7,name.com,,,13/08/2026 17:05
0a0116d8-9723-4e1e-bb4e-da4cc33dc13a,detached.tax,available,8.98,85.98,medium,low,8,namecheap,,,24/09/2026 07:07
abca77ec-2351-404b-a3a5-e5fbc6d9b1ed,leaky.tax,available,8.98,85.98,medium,low,5,namecheap,,,22/08/2026 22:01
0c85a3d4-9a0b-4019-b896-878672bd19c5,gentleman.tax,available,14.99,67.49,high,low,9,namesilo,,,25/09/2026 06:26
a3d57a03-38eb-4743-93e8-709db2b21bf1,unfathomed.tax,available,8.98,85.98,medium,low,10,namecheap,,,12/09/2026 09:57
572d7615-dcac-4241-be73-565a172f37f3,occurred.tax,available,14.99,67.49,medium,low,8,namesilo,,,18/09/2026 13:50
8e7b26e9-adc2-4c52-9011-7a996c7fc548,impress.tax,available,14.99,,high,low,7,name.com,,,
430e08e8-4982-4f65-a6eb-d9c45fcf3b34,sacked.tax,available,14.99,67.49,medium,low,6,namesilo,,,24/09/2026 06:49
583fce23-614d-4e47-93cb-fe104e1880b9,airbrush.tax,available,14.99,67.49,high,low,8,namesilo,,,17/09/2026 23:00
1cbf4bc0-6ac3-48be-8a94-0aaaacda622e,heterodox.tax,available,8.98,85.98,medium,low,9,namecheap,,,14/08/2026 12:37
56ed5890-9a9a-4444-af0f-0075b29a6591,alewife.tax,available,14.99,67.49,medium,low,7,namesilo,,,18/09/2026 05:44
72bae68f-ad4a-41e1-8e1b-eee513ddd081,silly.tax,available,14.99,67.49,high,low,5,namesilo,,,21/09/2026 23:43
edc16c1d-a6a1-48e3-a026-048bde449e8d,intriguing.tax,available,14.99,67.49,high,low,10,namesilo,,,25/09/2026 10:52
f53068b0-040c-4fc1-943c-3a71f511070b,custard.tax,available,8.98,85.98,high,low,7,namecheap,,,24/09/2026 20:38
81a87992-5183-4cd3-8095-c08799117d8b,worn.tax,available,14.99,67.49,high,low,4,namesilo,,,23/09/2026 12:58
2e475e6a-aba1-4247-9728-6902f3c98003,samples.tax,available,14.99,92.99,medium,low,7,name.com,,,20/09/2026 18:39
6e9347c3-f5cb-46cb-82d3-74eefcfed007,havre.tax,available,8.24,55.86,medium,low,5,dynadot,,,28/09/2026 03:56
7076a227-5445-48b3-b36a-b1267ae2dd0a,amort.tax,available,8.98,85.98,medium,low,5,namecheap,,,
4103a3b2-aeeb-43c4-9bfb-939f7a0f4e3a,wilkins.tax,available,14.99,67.49,medium,low,7,namesilo,,,25/09/2026 22:55
2fa2d740-036b-472e-8554-588c94c418e6,unlabelled.tax,available,8.98,85.98,medium,low,10,namecheap,,,12/09/2026 14:33
76bf3f30-033f-47ef-90b6-c0e8b91caf08,assertive.tax,available,8.98,85.98,medium,low,9,namecheap,,,07/08/2026 05:59
e2b3ef71-d7e0-421c-9d61-06d569f35f9e,quebecois.tax,available,8.98,85.98,medium,low,9,namecheap,,,09/09/2026 07:48
18254976-7eb1-4c6b-b83d-c943a10ef65f,bubonic.tax,available,8.98,85.98,medium,low,7,namecheap,,,11/08/2026 07:26
cec8542e-ec92-4300-8ea5-244effce934b,nilotic.tax,available,8.98,85.98,medium,low,7,namecheap,,,03/09/2026 17:26
ddfa42e1-5cdf-4433-ae57-dded73fa2b24,accusing.tax,available,8.98,85.98,medium,low,8,namecheap,,,
6674a7f9-4271-4ef1-86d8-323d901cf489,variform.tax,available,8.98,85.98,medium,low,8,namecheap,,,13/09/2026 01:22
3d72ba9d-344a-4cfe-a253-4dbef61dc513,mechanical.tax,available,14.99,67.49,high,low,10,namesilo,,,25/09/2026 18:43
68374956-f759-4d76-afbb-c90db8fa15e8,unwise.tax,available,8.98,85.98,medium,low,6,namecheap,,,12/09/2026 22:42
0853638c-483b-4364-a666-2db0e5007962,regardless.tax,available,14.99,67.49,high,low,10,namesilo,,,27/09/2026 11:13
eef03894-6b28-4fd0-9bbb-600cc1003e26,procedural.tax,available,8.98,85.98,high,low,10,namecheap,,,09/09/2026 02:31
39216232-6b07-496f-8162-3e2d4c00f07b,jammed.tax,available,8.98,85.98,medium,low,6,namecheap,,,22/08/2026 12:07
b87a5a56-bba4-4f46-8d5c-81ae0c746b5f,unfortunate.tax,available,14.99,67.49,medium,low,11,namesilo,,,26/09/2026 03:07
698d7e53-0578-43fe-b703-ae0a7118780c,lucidly.tax,available,8.98,85.98,medium,low,7,namecheap,,,15/09/2026 12:12
09d824aa-1305-4ee3-9d10-18b0b09594ac,alleviant.tax,available,8.98,85.98,medium,low,9,namecheap,,,04/09/2026 23:46
d68a2bc8-6f81-40db-829b-918536639f35,sandy.tax,available,8.98,85.98,high,low,5,namecheap,,,06/08/2026 17:31
37fc9c0a-3906-4cb5-82d2-d06f92c8e660,conspiracy.tax,available,14.99,,high,low,10,name.com,,,
b1aa3b08-7e5f-4ad3-867f-7a5cf70ae46d,byrd.tax,available,14.99,67.49,high,low,4,namesilo,,,17/09/2026 08:47
f9d5df87-4ff4-41d7-a385-30711d9ab5c8,prayed.tax,available,14.99,67.49,medium,low,6,namesilo,,,18/09/2026 02:41
199f8986-bb79-4640-9d02-0329ee6552f9,vernacular.tax,available,8.98,85.98,high,low,10,namecheap,,,13/09/2026 04:07
0ed83b21-1f42-41f6-bfc4-65a4d10c75cf,vatic.tax,available,8.98,85.98,low,low,5,namecheap,,,14/08/2026 13:52
683798ad-7952-44d1-b230-22c3e35c4f41,aalst.tax,available,14.99,67.49,medium,low,5,namesilo,,,16/09/2026 13:16
27a786b3-e496-4819-9fef-62992cfaedd2,dotted.tax,available,14.99,92.99,medium,low,6,name.com,,,13/08/2026 18:28
bc457178-2d91-4109-becd-39a436d9510d,chairperson.tax,available,14.99,,high,low,11,name.com,,,
11058d11-e070-4607-8212-624479f3e894,either.tax,available,14.99,,medium,low,6,name.com,,,
20f7e2dc-184a-4be3-b277-c88eb9d4bdf3,ocellated.tax,available,8.98,85.98,medium,low,9,namecheap,,,04/09/2026 00:29
5315bd0c-e028-4e62-a8d0-ad0acbc0a771,archosaur.tax,available,8.98,85.98,medium,low,9,namecheap,,,06/08/2026 15:57
12c65759-41c3-4dbb-984c-fe1bc647b617,crossing.tax,available,14.99,67.49,high,low,8,namesilo,,,27/09/2026 03:30
52f8ed1f-e8ff-4ba1-ada3-f4d6f3cfdf23,arco.tax,available,8.98,85.98,medium,low,4,namecheap,,,06/08/2026 16:02
6c64453e-fa75-4782-99f5-e4489aed3f51,snuck.tax,available,14.99,67.49,medium,low,5,namesilo,,,20/09/2026 23:46
276d5d48-0163-4138-ac88-e3362c308c40,cupping.tax,available,8.98,85.98,high,low,7,namecheap,,,24/09/2026 20:18
02037dad-5228-4bec-ae5e-88485f34b89c,agony.tax,available,8.98,85.98,medium,low,5,namecheap,,,11/09/2026 01:10
9e524e5d-78c9-4485-abc9-203162d55144,abvolt.tax,available,8.98,85.98,medium,low,6,namecheap,,,16/09/2026 19:39
e864ccf5-7f2e-4140-b6c4-0a381a3653c1,flimsy.tax,available,8.98,85.98,medium,low,6,namecheap,,,18/08/2026 08:15
05c9c5e7-d816-4220-b2ae-028c2f7b50d5,evidently.tax,available,8.98,85.98,high,low,9,namecheap,,,08/09/2026 20:21
fb36a2be-b5ef-4eb6-9d45-e0ff6dfe536e,likes.tax,available,14.99,,medium,low,5,name.com,,,
9dbc7ef5-645b-4a1d-9b0c-fbc61d392427,alveolar.tax,available,14.99,67.49,medium,low,8,namesilo,,,22/09/2026 02:54
2a741286-a09f-4dce-b6cd-8395d65412de,exec.tax,available,14.99,,high,low,4,name.com,,,
c600e588-be24-4c15-ba65-e5c3c8199a1a,domination.tax,available,14.99,67.49,high,low,10,namesilo,,,24/09/2026 23:26
66d99f8d-aac3-4672-bb2b-7717f7534bf3,endogenous.tax,available,8.98,85.98,medium,low,10,namecheap,,,17/08/2026 01:15
11acc05e-5534-4be9-94f3-a2b502425e53,formless.tax,available,8.98,85.98,high,low,8,namecheap,,,
98bba065-92df-41c4-8620-f21a94614954,ambled.tax,available,14.99,67.49,medium,low,6,namesilo,,,20/09/2026 05:58
7f863d8f-1db4-49c6-b483-f36fbfd1d22e,fruity.tax,available,8.98,85.98,high,low,6,namecheap,,,06/08/2026 21:00
d338ca8f-e311-4587-89d4-5e765606aee5,uncovered.tax,available,8.98,85.98,high,low,9,namecheap,,,12/09/2026 06:20
52e85d04-f9c8-463f-a681-65a60c9e685b,pronghorn.tax,available,8.98,85.98,medium,low,9,namecheap,,,18/09/2026 19:07
acaedb6d-4912-4d53-b6b1-1238cabafdea,avignon.tax,available,14.99,67.49,medium,low,7,namesilo,,,21/09/2026 09:35
391308a3-db93-49ba-86df-b597488a1e85,chekov.tax,available,14.99,67.49,medium,low,6,namesilo,,,19/09/2026 15:28
592b92ff-d860-4b91-a84d-c7e4dfdf9c23,scarecrow.tax,available,8.98,85.98,high,low,9,namecheap,,,23/09/2026 19:41
1bb799a5-3925-4bf1-b82d-a6b556776069,regular.tax,available,7.96,54.02,high,low,7,spaceship,,,27/09/2026 11:38
d2ec64de-4447-4bd0-8b44-acc7c1d32e35,littoral.tax,available,8.98,85.98,medium,low,8,namecheap,,,24/08/2026 07:35
91449a89-546f-4d84-8a51-2e06b050cea3,topic.tax,available,14.99,67.49,high,low,5,namesilo,,,28/09/2026 01:44
4ddde9e9-65fb-41df-90f0-12e44908d1e0,abeyance.tax,available,14.99,67.49,medium,low,8,namesilo,,,16/09/2026 15:20
7d4ae966-e2cc-4529-bb25-9211077bcf4d,spanking.tax,available,8.98,85.98,high,low,8,namecheap,,,11/08/2026 04:33
d28ec239-3346-4c80-8ba3-6e418709682e,version.tax,available,14.99,,high,low,7,name.com,,,
841e5e14-8942-4913-b4d4-fa5ed8bd959c,colourize.tax,available,8.98,85.98,medium,low,9,namecheap,,,12/08/2026 17:40
a0395be0-bd4d-472f-87d0-aafae8e13452,badinage.tax,available,14.99,67.49,medium,low,8,namesilo,,,21/09/2026 17:13
8c490305-7562-4123-9098-f13951af73cd,maxim.tax,available,14.99,,high,low,5,name.com,,,
b9282e79-a53a-403d-a672-55ea3f286dc2,rickety.tax,available,14.99,92.99,medium,low,7,name.com,,,13/08/2026 20:34
e3e48eb4-3e5d-4a88-9ebe-bf4158aa8e3a,society.tax,available,14.99,,high,low,7,name.com,,,
427d5c74-da26-4d2f-b5c8-d481f6049044,profuse.tax,available,8.98,85.98,high,low,7,namecheap,,,24/08/2026 11:47
d27abb73-7a8b-4d37-b730-0c5e5b0963aa,perceiving.tax,available,14.99,,high,low,10,name.com,,,
cf294e90-394c-43f9-877b-13158d996c6d,ritual.tax,available,8.98,85.98,high,low,6,namecheap,,,09/09/2026 18:01
7b997bfb-fddf-42d1-87cd-61f12e15ae8f,monkey.tax,resell,,,high,low,6,"DNSPod, Inc.",12/02/2025 15:15,12/02/2027 15:15,26/09/2026 07:37
04f463a4-7ce8-4d83-850e-cfb0f8c20fc9,basketball.tax,premium,118.8,118.8,high,low,10,namesilo,,,
15a3a529-b35f-4604-93bf-3575dbc5ad12,pocketbook.tax,available,14.99,67.49,high,low,10,namesilo,,,23/09/2026 16:19
794fb1b2-b311-4fcc-884a-e74415664ff5,literally.tax,available,14.99,,high,low,9,name.com,,,
bfadb3da-d889-48a8-bda6-24f74eba05ec,stupefying.tax,available,8.98,85.98,low,low,10,namecheap,,,10/09/2026 18:10
2ac8c803-f68d-4212-b4d0-c3566c864e89,boyle.tax,available,14.99,92.99,high,low,5,name.com,,,25/09/2026 02:02
757d1f4b-4bf2-420c-b2af-1da2cb13122c,epical.tax,available,8.98,85.98,medium,low,6,namecheap,,,17/08/2026 10:29
c665a400-b524-4b7c-b287-d2dcaeecc68e,investors.tax,available,8.98,85.98,high,low,9,namecheap,,,
920d5316-7b6f-4c2a-a2f3-0884f10eefef,deficit.tax,available,14.99,,high,low,7,name.com,,,
26520676-30ef-4ee3-b3b8-9ef1beb80843,lawful.tax,available,8.98,85.98,high,low,6,namecheap,,,22/08/2026 21:21
8438bcc1-0324-4b34-bf01-f732d5c4da71,aerospace.tax,available,14.99,67.49,high,low,9,namesilo,,,17/09/2026 13:17
dd91ac71-1032-4ccd-aa29-8971ed39d67b,congruous.tax,available,8.98,85.98,medium,low,9,namecheap,,,12/08/2026 21:56
9cc44ea2-c484-42a0-a581-841f3b6fb627,manky.tax,available,8.98,85.98,medium,low,5,namecheap,,,24/08/2026 15:12
345a2ed3-d41d-429a-8367-fd047b6393e9,dakar.tax,available,14.99,,high,low,5,name.com,,,
9f6e541e-b05c-4fc9-bb4f-02fa31b1133b,dropped.tax,available,8.98,85.98,medium,low,7,namecheap,,,25/09/2026 20:16
4d83ed0b-fb5e-4383-a583-dd425f9c2da9,alters.tax,available,14.99,67.49,medium,low,6,namesilo,,,20/09/2026 13:23
7dcd64c9-b98b-4d99-86d7-322b251c86cf,blithely.tax,available,8.98,85.98,medium,low,8,namecheap,,,14/09/2026 00:31
ede95a4b-14a0-432b-8286-fdee7f1763d2,accuracy.tax,available,14.99,67.49,high,low,8,namesilo,,,16/09/2026 23:21
9bf1e9da-de2d-47c4-8d8f-5226986fa2a2,arcuate.tax,available,8.98,85.98,medium,low,7,namecheap,,,06/08/2026 14:49
e234228d-5aa3-41ed-8497-b2159ce3fbc5,antagonist.tax,available,14.99,67.49,high,low,10,namesilo,,,17/09/2026 10:48
67596cd3-b8e0-4bef-8019-e060fb101698,anther.tax,available,14.99,67.49,medium,low,6,namesilo,,,19/09/2026 13:08
d1a678ce-31c8-4d8e-8407-bc4393af860a,expense.tax,available,14.99,67.49,high,low,7,namesilo,,,24/09/2026 22:30
055057a6-d20a-4b27-a5c3-d5f76f8fb2eb,pivot.tax,available,8.98,85.98,high,low,5,namecheap,,,25/09/2026 12:55
007a38ba-f385-473c-9e75-c30249c96936,plates.tax,available,14.99,67.49,medium,low,6,namesilo,,,27/09/2026 02:22
6432da81-6bdc-461a-9f69-9e7b512cde4c,gag.tax,available,14.99,,high,low,3,name.com,,,
39d861b0-421f-4adf-85cc-431f92955393,bathsheba.tax,available,14.99,67.49,medium,low,9,namesilo,,,22/09/2026 13:52
953c7f97-6089-436f-99e2-ccf8c73cff30,forbidden.tax,available,8.98,85.98,medium,low,9,namecheap,,,18/08/2026 10:59
070c89f8-c0fa-473e-a0c5-32354bc4ecb0,adjuvant.tax,available,8.98,85.98,medium,low,8,namecheap,,,
f01b018b-c4e1-48e5-b7a7-c45a1a31d4c2,anatomist.tax,available,14.99,67.49,medium,low,9,namesilo,,,19/09/2026 03:32
f673929e-2901-4880-bff0-b9cbc5dbd97b,disdain.tax,available,8.98,85.98,medium,low,7,namecheap,,,24/09/2026 17:41
9aacb488-45b7-4b6a-9acf-7bd07ff16957,elevator.tax,available,14.99,67.49,high,low,8,namesilo,,,25/09/2026 05:22
4e38e175-b589-40e7-bb63-0f26731e2b25,languorous.tax,available,8.98,85.98,medium,low,10,namecheap,,,22/08/2026 18:05
af116289-b174-4312-b44e-f02cf4a42cd5,motored.tax,available,8.98,85.98,medium,low,7,namecheap,,,25/08/2026 08:30
88fcf9b7-da9c-4867-9a89-1f3e64a5592d,tasks.tax,available,14.99,,high,low,5,name.com,,,
cb2b8cb3-6559-47f7-bec5-03ecbee20c52,judicious.tax,available,8.98,85.98,high,low,9,namecheap,,,21/08/2026 02:00
2adb5bf2-152d-4d87-a5bf-6cd2ed615a81,ascendence.tax,available,14.99,67.49,medium,low,10,namesilo,,,20/09/2026 13:04
ad47dd6c-2e29-474a-a1f2-e96dff72c25b,czechoslovak.tax,available,8.98,85.98,medium,low,12,namecheap,,,26/09/2026 03:18
7cedf541-c44a-4e19-87a8-baece2734270,dazzled.tax,available,14.99,92.99,medium,low,7,name.com,,,13/08/2026 18:57
7e14a206-5786-45ec-8100-ea4032cc2d24,absolver.tax,available,8.98,85.98,medium,low,8,namecheap,,,16/09/2026 18:07
35605867-19cf-4f06-96d4-5e6dacf6a29c,parched.tax,available,8.98,85.98,medium,low,7,namecheap,,,
ca9a9b8c-5a99-4eb3-8cee-30fa0df998b7,bacca.tax,available,8.98,85.98,high,low,5,namecheap,,,21/09/2026 13:55
10cac2ac-8915-4f49-bf38-9fdd89b09bc5,firsthand.tax,available,8.98,85.98,high,low,9,namecheap,,,18/08/2026 05:27
66c574dc-d644-4b76-9c2b-bd72e901f2dd,radios.tax,available,14.99,67.49,medium,low,6,namesilo,,,18/09/2026 23:09
5921eb2e-f896-4799-b5d5-206e0388debf,biotype.tax,available,8.98,85.98,medium,low,7,namecheap,,,23/09/2026 19:14
726f9747-816a-44ab-829b-8642d3d8b444,suggest.tax,available,14.99,,high,low,7,name.com,,,
a44fca86-189d-43fd-a243-d7b5960e6dfe,tangy.tax,available,8.98,85.98,high,low,5,namecheap,,,22/08/2026 23:32
c8a17055-21bc-4cc2-8f2a-ab1e78215eb5,walkabout.tax,available,14.99,,high,low,10,name.com,,,
580b7471-1754-4f54-84bb-60d2bb3e968b,balas.tax,available,8.98,85.98,medium,low,5,namecheap,,,21/09/2026 21:07
ea3592bc-2195-4bd3-83e9-2c9d610fc95e,chary.tax,available,8.98,85.98,medium,low,5,namecheap,,,12/08/2026 02:59
e4d9f367-91ed-458c-a7bb-5053a8817908,acned.tax,available,8.98,85.98,low,low,5,namecheap,,,
7dab5b6b-0780-42da-a91e-2873234f9b8d,anechoic.tax,available,8.98,85.98,medium,low,8,namecheap,,,
c683900b-73a1-464b-94c3-c26702068095,sparely.tax,available,14.99,67.49,medium,low,7,namesilo,,,16/09/2026 05:49
b1669112-d623-4933-8d63-fd0da802007e,bordeaux.tax,available,8.98,85.98,high,low,8,namecheap,,,24/09/2026 07:22
6555d94f-c4f8-4b7b-9aff-a27dda885e04,idiomatic.tax,available,8.98,85.98,medium,low,9,namecheap,,,21/08/2026 18:07
b2d7da8d-d5cc-4727-b54a-44143ff3da6c,unfretted.tax,available,8.98,85.98,medium,low,9,namecheap,,,12/09/2026 10:45
67d116c3-8165-4b57-bcb9-c217b0c7bc05,ricefield.tax,available,14.99,,medium,low,10,name.com,,,
2407d3e4-c24f-4028-b76d-ecd84091c27d,sea.tax,premium,242,242,high,low,3,namesilo,,,
ce9002d4-8022-4428-854b-cffde47b8745,undetected.tax,available,8.98,85.98,medium,low,10,namecheap,,,12/09/2026 07:57
babda1d5-83a1-4611-984c-6a49517ebcaf,accusal.tax,available,8.98,85.98,medium,low,7,namecheap,,,16/09/2026 23:22
9db39069-6eab-4b98-a280-b9867358fae5,sisters.tax,available,8.98,85.98,high,low,7,namecheap,,,
e8aaa8f6-257e-4f56-82d1-a57161e2bbe3,handwoven.tax,available,8.98,85.98,medium,low,9,namecheap,,,20/08/2026 23:19
a504439c-0150-47b9-8c1d-a6b54dc80106,unfeasible.tax,available,8.98,85.98,medium,low,10,namecheap,,,21/08/2026 22:56
eee62802-e8ab-4a98-839b-70319591f85b,stainable.tax,available,8.98,85.98,low,low,9,namecheap,,,10/09/2026 18:12
9ae5baa6-f162-4318-a82f-2966ab306602,xxix.tax,available,8.98,85.98,medium,low,4,namecheap,,,
42ec4a63-f834-4559-9c7f-90fbc732d1ff,ripening.tax,available,8.98,85.98,high,low,8,namecheap,,,
755b0662-bc7c-4af7-a010-9bb002bdcc6f,little.tax,resell,,,high,low,6,"Xiamen ChinaSource Internet Service Co., Ltd",20/08/2025 15:15,20/08/2027 15:15,26/09/2026 07:16
a8de466e-70e1-4bc8-adcd-8ebdc59897f3,albula.tax,available,14.99,67.49,medium,low,6,namesilo,,,18/09/2026 03:24
68bf1aec-e331-4f13-a656-489e2b707ddc,puppet.tax,available,14.99,67.49,high,low,6,namesilo,,,28/09/2026 02:20
5b0d1f92-6f8b-4998-ab9b-9ddf36f43eea,colours.tax,available,14.99,,high,low,7,name.com,,,
bfe19a63-1d90-490d-8f2c-abea991f740a,smashing.tax,available,8.98,85.98,high,low,8,namecheap,,,08/08/2026 12:53
7beeb9de-7536-4101-9bb3-950d951c62eb,walton.tax,available,14.99,67.49,high,low,6,namesilo,,,25/09/2026 05:07
b795b1f6-3b93-4cc7-8cbd-c40aeb3fbdd1,corsican.tax,available,8.98,85.98,high,low,8,namecheap,,,13/08/2026 02:33
ac85bcf6-2bbc-4378-9af7-f2eeade3f379,derive.tax,available,14.99,,high,low,6,name.com,,,
f8991fda-44cc-4f55-9f3e-270881cce8ca,admissible.tax,available,8.98,85.98,high,low,10,namecheap,,,
a48f82da-5f28-40e8-9ff1-b134ef7f61c2,unreported.tax,premium,128.7,128.7,medium,low,10,namecheap,,,12/09/2026 18:19
084938ab-ec53-4585-bff9-e244de456e27,tires.tax,premium,118.8,118.8,medium,low,5,namesilo,,,27/09/2026 10:07
54193525-cf4e-4108-b189-9e1419560529,astragal.tax,available,14.99,67.49,medium,low,8,namesilo,,,19/09/2026 09:44
27e4109e-4bce-45ff-8ff2-19eeee504ede,wigeon.tax,available,14.99,67.49,medium,low,6,namesilo,,,19/09/2026 03:00
2d4a97ad-99e6-40af-85f4-edccb84e29c0,gotten.tax,available,14.99,,medium,low,6,name.com,,,
6cb3bb62-4ac2-49a8-8305-1697e08c89d5,minute.tax,resell,,,high,low,6,UM DOMAINS PTE. LTD,28/05/2026 15:15,28/05/2027 15:15,26/09/2026 07:34
5421e54e-d907-44e6-9911-032444e15ea0,traumatic.tax,available,8.98,85.98,medium,low,9,namecheap,,,11/09/2026 19:03
2f478788-8069-49b7-9af5-e0a6245558ee,bolshie.tax,available,8.98,85.98,medium,low,7,namecheap,,,10/08/2026 17:55
5ff6ca8b-8418-41ba-a38a-d304150537a1,hardened.tax,available,8.98,85.98,high,low,8,namecheap,,,11/08/2026 20:01
a214c7ee-c092-43b7-8867-bced0cee4554,amnesic.tax,available,8.98,85.98,medium,low,7,namecheap,,,
02ddd319-ef31-4b6a-81f4-86b9f1d30be5,visual.tax,resell,,,high,low,6,"Xiamen ChinaSource Internet Service Co., Ltd",06/02/2026 15:15,06/02/2027 15:15,26/09/2026 10:01
13443e2b-9b63-4b85-8cc7-fd4ce205d275,straw.tax,available,8.98,85.98,high,low,5,namecheap,,,10/09/2026 22:03
e2c850b4-f3e2-4d3e-b0e6-87469c5c5dd2,cowardly.tax,available,8.98,85.98,medium,low,8,namecheap,,,13/08/2026 04:07
1399575d-1549-4b16-82f9-ad36175fa5ca,opened.tax,available,8.98,85.98,high,low,6,namecheap,,,04/09/2026 16:13
e683d343-82ca-43c5-a257-bf002479ae83,arendt.tax,available,14.99,67.49,medium,low,6,namesilo,,,20/09/2026 03:43
3079a7d0-e0a2-4697-8444-ecdd307795af,agaragar.tax,available,14.99,92.99,medium,low,9,name.com,,,17/09/2026 16:15
7c96ca8c-89fc-48c8-b238-e24966d69b68,argive.tax,available,8.98,85.98,medium,low,6,namecheap,,,06/08/2026 18:27
db083388-206a-4ed0-934e-132995c94ced,engineer.tax,premium,102.67,102.67,high,low,8,spaceship,,,28/09/2026 02:49
6860a3f5-75d6-4933-879f-a7e2e48e9ac2,flaxseed.tax,available,14.99,67.49,high,low,9,namesilo,,,16/09/2026 10:28
d630d123-f1c7-48cb-a501-83650b57a90a,lividly.tax,available,8.98,85.98,low,low,7,namecheap,,,15/09/2026 12:36
4d97c3eb-2ccb-4d47-9d7a-02358a454633,baneful.tax,available,8.98,85.98,low,low,7,namecheap,,,08/08/2026 09:44
ac86c8a3-c162-40d0-ac0c-6e9c5395b09f,beatific.tax,available,8.98,85.98,high,low,8,namecheap,,,
ab5aeb51-f907-4d1f-89b9-b0c17dbe549d,nicky.tax,available,14.99,,high,low,5,name.com,,,
7a176a59-cbfc-417e-9eeb-30ea410ab544,breathless.tax,available,8.98,85.98,medium,low,10,namecheap,,,11/08/2026 03:23
064c633a-3185-4408-af3d-2ca0a0e659a2,blacking.tax,available,14.99,67.49,medium,low,8,namesilo,,,24/09/2026 02:49
6f886705-f4d3-48f1-988b-fe593385d8cf,infuriated.tax,available,8.98,85.98,medium,low,10,namecheap,,,
54f5f203-ec6f-44fb-9216-ad4610cae7b2,enormously.tax,available,8.98,85.98,medium,low,10,namecheap,,,14/09/2026 15:47
8b5d3d58-ea8e-4854-9a82-14a30c8d63c5,frenzy.tax,available,8.98,85.98,high,low,6,namecheap,,,24/09/2026 21:40
57bd5689-13df-4cdf-b1a1-57b442622bcc,nonverbal.tax,available,8.98,85.98,medium,low,9,namecheap,,,03/09/2026 21:00
be5cee8d-ff72-43a8-aedc-3f675306a0c6,antilles.tax,available,14.99,67.49,medium,low,8,namesilo,,,19/09/2026 14:37
a711f481-fe59-492a-82c5-becc7f58490b,stretchout.tax,available,8.98,85.98,medium,low,11,namecheap,,,17/09/2026 05:03
39c87c78-1498-4f7b-8e8a-5d957f1f84c0,phoney.tax,available,8.98,85.98,medium,low,6,namecheap,,,08/08/2026 23:14
d12e729f-5a50-4e41-9c6c-7cac92918816,formidable.tax,available,8.98,85.98,high,low,10,namecheap,,,18/08/2026 12:12
c09d0bad-07a3-4059-a72b-037eaff7509c,bullet.tax,available,14.99,,high,low,6,name.com,,,
72734925-6e3f-4e16-bf5b-1da98676db23,waterfowl.tax,available,14.99,67.49,high,low,9,namesilo,,,19/09/2026 17:39
c00573e9-2509-467c-b3c0-e4aee2c9e94c,assault.tax,available,14.99,67.49,medium,low,7,namesilo,,,20/09/2026 15:48
1fc00f02-0c65-4210-87b2-0682258059f7,logistics.tax,available,14.99,67.49,high,low,9,namesilo,,,28/09/2026 03:58
b1075f2d-214e-4ea2-852f-a2436abc0d3e,rhenium.tax,available,14.99,67.49,medium,low,7,namesilo,,,20/09/2026 23:48
ed8cae83-0049-48cc-a4a3-0e74456ab6f3,ganja.tax,available,14.99,,high,low,5,name.com,,,
cc6194ed-dc48-4379-9186-524cf9a342e7,benthic.tax,available,8.98,85.98,medium,low,7,namecheap,,,09/08/2026 14:45
e2643c8f-f530-4d52-a282-cbde2e266fb2,stertorous.tax,available,8.98,85.98,low,low,10,namecheap,,,10/09/2026 20:21
08906a2d-5435-4c76-8729-1ee2d0b42c8f,aside.tax,available,14.99,,high,low,5,name.com,,,
863cc01f-4dc9-41ac-a446-e6c6ef32e23b,analecta.tax,available,14.99,92.99,medium,low,8,name.com,,,19/09/2026 01:47
749df0bd-4027-4897-a4e4-a79b6a1ddaed,boy.tax,available,14.99,,high,low,3,name.com,,,
f91c1647-5d8f-4046-b4d9-031278e642ee,trimly.tax,available,14.99,67.49,medium,low,6,namesilo,,,16/09/2026 09:29
0b6236ee-6919-44aa-82e0-1c7b51e9e3e9,promises.tax,available,8.98,85.98,medium,low,8,namecheap,,,27/09/2026 03:01
909f7f1c-d900-4a62-ba95-2c2b8a3b7496,bistro.tax,available,14.99,67.49,high,low,6,namesilo,,,23/09/2026 22:13
943bb5d6-00ff-45b4-97f4-7639445c68b4,basswood.tax,available,14.99,67.49,medium,low,8,namesilo,,,22/09/2026 12:34
d4024ba6-de7a-4d35-8cff-2d0d5d3e950d,takeaways.tax,available,14.99,67.49,medium,low,9,namesilo,,,18/09/2026 05:02
55cf83b1-c699-4072-91f7-8d9c8b325196,archil.tax,available,8.98,85.98,medium,low,6,namecheap,,,20/09/2026 02:06
ea6d9088-de76-484b-9e7e-ca744bd2fd5f,amusive.tax,available,8.98,85.98,medium,low,7,namecheap,,,
c445c621-a6f4-4187-8116-406161c073be,broken.tax,available,14.99,67.49,high,low,6,namesilo,,,23/09/2026 09:56
12240310-583d-4dcb-bb3b-7369520ce464,amphibian.tax,available,8.98,85.98,high,low,9,namecheap,,,
0554cced-67d4-4c37-aca2-322f4b50123f,torn.tax,available,14.99,67.49,high,low,4,namesilo,,,25/09/2026 16:39
5be86325-05b1-474e-9c14-38f1aebec6ae,harijan.tax,available,8.98,85.98,medium,low,7,namecheap,,,12/09/2026 21:38
68269715-9c36-4fff-9a1d-a80eb800289a,shirley.tax,available,14.99,67.49,high,low,7,namesilo,,,25/09/2026 13:56
b7e59159-ef3e-450e-8ecb-90f4c2555060,piping.tax,available,8.98,85.98,medium,low,6,namecheap,,,10/09/2026 19:43
9708516d-ebe4-4127-b98c-f01348197215,debauch.tax,available,8.98,85.98,medium,low,7,namecheap,,,13/08/2026 02:20
457dbaa4-425f-4c53-85d7-5b3e3feb5bcc,algid.tax,available,8.98,85.98,medium,low,5,namecheap,,,
80e5a687-6e0e-44a0-8024-c4d740291a50,lxi.tax,available,8.98,85.98,medium,low,3,namecheap,,,
0a08c94c-cf59-4a24-92df-15f2579a5261,damn.tax,available,14.99,67.49,high,low,4,namesilo,,,22/09/2026 00:35
2384d544-143a-493a-8a70-21d1623837cd,subscript.tax,available,8.98,85.98,high,low,9,namecheap,,,11/09/2026 00:43
cd28d2b6-c688-440d-8bbc-c3a84ca0471f,exultant.tax,available,8.98,85.98,high,low,8,namecheap,,,17/08/2026 19:42
f875b2ca-62ce-47b5-acd2-4a1d8962d885,tellingly.tax,available,8.98,85.98,medium,low,9,namecheap,,,16/09/2026 08:14
a00da3c9-9bdb-4b1b-8d10-0733899616af,sizzling.tax,available,8.98,85.98,high,low,8,namecheap,,,10/09/2026 09:17
af059052-17d8-4e81-aa98-8bd049978d02,sister.tax,available,14.99,67.49,high,low,6,namesilo,,,26/09/2026 00:18
48ab4ec7-eba9-49c0-be32-5898a226990a,bromic.tax,available,8.98,85.98,medium,low,6,namecheap,,,11/08/2026 05:32
040df6b7-724b-42fe-889a-9ad320ae3a36,placed.tax,available,14.99,67.49,high,low,6,namesilo,,,25/09/2026 14:13
784d853b-2463-46b4-8748-9da749f6b0d0,fortemente.tax,available,8.98,85.98,medium,low,10,namecheap,,,18/08/2026 12:36
fd693cad-41c0-4650-b26c-ba2ce7826347,woolen.tax,available,8.98,85.98,medium,low,6,namecheap,,,13/09/2026 13:13
a926e66c-cdb9-4442-a513-6f1c67549ca2,ourselves.tax,available,14.99,67.49,medium,low,9,namesilo,,,27/09/2026 08:55
d4d233c7-e4e3-4c0f-952c-c40ec6c2145d,acarus.tax,available,8.98,85.98,medium,low,6,namecheap,,,16/09/2026 21:38
b98c3e32-f1df-4eb2-a1f7-d7b45a5f3af7,optimally.tax,available,8.98,85.98,medium,low,9,namecheap,,,15/09/2026 18:05
8a0567ed-4784-40c9-b6e4-41c12112033d,anarchic.tax,available,8.98,85.98,medium,low,8,namecheap,,,
c65be100-4c9f-41de-a85e-c88c98caab3d,aldebaran.tax,available,14.99,92.99,medium,low,9,name.com,,,18/09/2026 04:20
e343a94e-3c43-41e1-ae98-22ae56e57e0d,cavalier.tax,available,8.98,85.98,high,low,8,namecheap,,,11/08/2026 22:48
db9a8df0-3700-42c7-ae8e-7bf6a224eb99,encased.tax,available,8.98,85.98,medium,low,7,namecheap,,,11/08/2026 20:06
fe7c60ee-fb1c-47b6-991b-98101ac85838,bother.tax,available,14.99,67.49,medium,low,6,namesilo,,,24/09/2026 07:29
2d771075-e931-4b1d-930f-c42be1cc8fa2,allusive.tax,available,8.98,85.98,medium,low,8,namecheap,,,
99728461-5638-49b4-989a-de59f5060bfc,alidad.tax,available,14.99,92.99,medium,low,6,name.com,,,18/09/2026 07:31
ac2f25a4-90d1-4edd-b55e-55e815add86d,semiliquid.tax,available,8.98,85.98,medium,low,10,namecheap,,,10/09/2026 03:07
2e130322-fc16-4c53-9ec4-ae4340e17bbe,apoidea.tax,available,8.98,85.98,medium,low,7,namecheap,,,19/09/2026 18:38
ff14c5ba-0a93-41fd-8acf-3248d40a3845,recusant.tax,available,8.98,85.98,medium,low,8,namecheap,,,14/08/2026 12:28
2ceb4047-4cf4-457f-9f39-702b2548eec8,trna.tax,available,14.99,67.49,high,low,4,namesilo,,,16/09/2026 22:03
c3fab77e-5d4c-4709-afc5-84f0f988d522,chimeric.tax,available,8.98,85.98,medium,low,8,namecheap,,,12/08/2026 05:37
d17e3e05-d628-4568-bc76-7f305f99bd02,caesium.tax,available,14.99,67.49,medium,low,7,namesilo,,,20/09/2026 23:16
ee31ec2d-ed5d-4513-967c-d3dd08aca304,affluence.tax,available,14.99,,high,low,9,name.com,,,
a0b72ee3-c610-41f7-93f1-5422bc55a053,angel.tax,resell,,,high,low,5,"DNSPod, Inc.",22/06/2025 15:15,22/06/2027 15:15,26/09/2026 03:52
0b159f32-c351-422e-9ef5-7268719bcc4f,archetypal.tax,available,8.98,85.98,medium,low,10,namecheap,,,06/08/2026 15:32
de9fdccf-53cf-4bff-b294-e00096125a5e,salted.tax,available,8.98,85.98,high,low,6,namecheap,,,11/08/2026 04:21
dd11afb5-cc19-4851-8782-b27d252cee5b,contracted.tax,available,14.99,67.49,medium,low,10,namesilo,,,23/09/2026 22:26
1ccf313a-c12c-49df-bcba-d48933aa65d0,hobble.tax,available,8.98,85.98,medium,low,6,namecheap,,,23/08/2026 13:26
f20edc13-ede8-468c-9d2a-02cd1be9561c,attalea.tax,available,14.99,67.49,medium,low,7,namesilo,,,21/09/2026 01:14
e73bdda1-2486-4437-bc70-4de091960040,lawrencium.tax,available,14.99,67.49,medium,low,10,namesilo,,,20/09/2026 22:00
8b8092c7-db87-4b47-be2d-0aad00ac222e,anorexic.tax,available,8.98,85.98,medium,low,8,namecheap,,,
357f2cf2-96e1-4ea6-93e2-5b679f327885,cajole.tax,available,8.98,85.98,medium,low,6,namecheap,,,24/09/2026 04:10
ad5a72aa-6b3f-4d1f-988e-b8b3f4c53bbc,appoint.tax,available,14.99,,high,low,7,name.com,,,
a3803f2d-a49f-4fa8-a9e6-6e95891a50cc,filmed.tax,available,8.98,85.98,high,low,6,namecheap,,,18/08/2026 04:25
74077868-6a5a-4f3b-b2c9-1bc423cfaa40,overt.tax,available,8.98,85.98,high,low,5,namecheap,,,04/09/2026 21:53
85a262ac-a396-4ae1-b9bf-2e7684334b55,mistakes.tax,available,14.99,67.49,medium,low,8,namesilo,,,16/09/2026 10:20
91c14661-e903-445e-ab8c-adb7201e7843,downscale.tax,available,8.98,85.98,medium,low,9,namecheap,,,14/08/2026 17:52
63711393-6247-4d20-b126-bc5c7595d008,delusory.tax,available,8.98,85.98,low,low,8,namecheap,,,13/08/2026 21:18
dfd87470-2bce-44bb-9aaf-5f1826440166,beecher.tax,available,14.99,67.49,medium,low,7,namesilo,,,23/09/2026 00:12
399e07d7-e79f-4bc3-ac0a-365b57d5eaa9,sighted.tax,available,8.24,55.86,high,low,7,dynadot,,,27/09/2026 21:56
eeb9a5cd-4ac6-4fed-916a-433598245b2b,reputably.tax,available,8.98,85.98,medium,low,9,namecheap,,,15/09/2026 23:17
8c498a5d-f449-4a12-a7f7-bf5e69cf9526,worrisome.tax,available,8.98,85.98,medium,low,9,namecheap,,,14/08/2026 13:21
26bcdc4c-6157-4ac1-84a4-124a7f448d6e,insolent.tax,available,8.98,85.98,medium,low,8,namecheap,,,11/08/2026 02:56
f1ec4d1e-1b8a-4283-b937-fc1f159b8472,participle.tax,available,8.98,85.98,medium,low,10,namecheap,,,08/09/2026 02:05
8687d309-5026-4c1f-8c1b-75bc2ba63201,killed.tax,available,14.99,67.49,medium,low,6,namesilo,,,17/09/2026 12:17
32e90508-dbec-4a39-830a-e1d71f5e32ed,achillea.tax,available,14.99,67.49,medium,low,8,namesilo,,,17/09/2026 00:35
ab3d93fc-cd64-4e5b-81ed-fa8c75382e4f,taxi.tax,resell,,,high,low,4,"GoDaddy.com, LLC",18/11/2023 15:15,18/11/2027 15:15,26/09/2026 09:31
e82bc2ce-91e0-4322-b353-f8a95f46a164,mosquitoes.tax,available,14.99,67.49,low,low,10,namesilo,,,18/09/2026 14:22
d8e2db17-5937-4016-99e4-9e709b4ac4fb,nebular.tax,available,8.98,85.98,medium,low,7,namecheap,,,12/08/2026 12:39
ba9d6fcd-6987-4a83-a65b-12b7ba4e385c,craftsman.tax,available,8.98,85.98,high,low,9,namecheap,,,20/09/2026 11:49